Residue Name,Chain,PDB ResID,Ordinal ResID,SS Code,SS Full,Phi Angle,Psi Angle,Solvent Area,PDB Code
ALA,A,31,1,C,Coil,360.00,84.30,124.3,4NGE
ALA,A,32,2,C,Coil,-88.19,179.50,31.4,4NGE
ALA,A,33,3,G,310Helix,-67.88,360.00,7.9,4NGE
GLU,A,35,4,G,310Helix,360.00,-41.95,140.3,4NGE
ARG,A,36,5,G,310Helix,-68.07,-32.17,39.6,4NGE
ALA,A,37,6,G,310Helix,-67.15,-23.58,0.0,4NGE
LEU,A,38,7,G,310Helix,-77.63,-9.39,99.7,4NGE
GLN,A,39,8,G,310Helix,-83.14,-13.66,167.5,4NGE
TYR,A,40,9,C,Coil,-65.67,360.00,37.5,4NGE
LEU,A,42,10,C,Coil,360.00,134.62,135.6,4NGE
GLY,A,43,11,C,Coil,89.79,-2.96,42.7,4NGE
ASP,A,44,12,E,Strand,-60.29,133.22,81.2,4NGE
LYS,A,45,13,E,Strand,-99.06,118.74,140.3,4NGE
ILE,A,46,14,E,Strand,-130.39,107.98,21.4,4NGE
HIS,A,47,15,T,Turn,48.56,46.68,95.4,4NGE
GLY,A,48,16,T,Turn,91.24,-2.79,22.9,4NGE
PHE,A,49,17,E,Strand,-108.52,160.04,0.0,4NGE
THR,A,50,18,E,Strand,-130.69,127.19,13.2,4NGE
VAL,A,51,19,E,Strand,-69.27,117.81,1.9,4NGE
ASN,A,52,20,C,Coil,-101.18,-27.46,83.7,4NGE
GLN,A,53,21,C,Coil,-161.62,139.09,78.2,4NGE
VAL,A,54,22,C,Coil,-128.41,121.06,32.6,4NGE
THR,A,55,23,E,Strand,-129.68,131.94,43.2,4NGE
SER,A,56,24,E,Strand,-89.61,126.53,64.2,4NGE
VAL,A,57,25,E,Strand,-117.93,81.43,7.1,4NGE
PRO,A,58,26,G,310Helix,-62.25,-28.33,85.5,4NGE
GLU,A,59,27,G,310Helix,-68.15,-18.12,52.2,4NGE
LEU,A,60,28,G,310Helix,-114.12,7.64,10.1,4NGE
PHE,A,61,29,C,Coil,56.09,37.20,115.7,4NGE
LEU,A,62,30,E,Strand,-141.28,158.95,3.7,4NGE
THR,A,63,31,E,Strand,-115.88,121.75,9.0,4NGE
ALA,A,64,32,E,Strand,-90.76,138.34,1.5,4NGE
VAL,A,65,33,E,Strand,-128.98,360.00,8.4,4NGE
LEU,A,67,34,E,Strand,360.00,155.38,10.6,4NGE
THR,A,68,35,E,Strand,-127.40,137.72,43.5,4NGE
HIS,A,69,36,E,Strand,-77.03,126.86,0.5,4NGE
ASP,A,70,37,T,Turn,-64.49,-46.23,61.0,4NGE
ASP,A,71,38,T,Turn,-78.30,-39.68,94.5,4NGE
THR,A,72,39,T,Turn,-97.21,-29.74,0.9,4NGE
GLY,A,73,40,T,Turn,87.52,10.66,16.2,4NGE
ALA,A,74,41,C,Coil,-63.95,138.76,0.0,4NGE
ARG,A,75,42,E,Strand,-92.67,143.43,73.0,4NGE
TYR,A,76,43,E,Strand,-133.74,131.02,6.9,4NGE
LEU,A,77,44,E,Strand,-122.31,121.14,5.8,4NGE
HIS,A,78,45,E,Strand,-115.09,125.79,0.0,4NGE
LEU,A,79,46,E,Strand,-106.23,107.34,1.0,4NGE
ALA,A,80,47,E,Strand,-88.95,116.48,1.5,4NGE
ARG,A,81,48,T,Turn,-148.08,145.14,28.7,4NGE
GLU,A,82,49,T,Turn,-71.28,71.29,128.8,4NGE
ASP,A,83,50,T,Turn,-132.11,122.32,35.0,4NGE
THR,A,84,51,T,Turn,-74.31,-26.68,69.5,4NGE
ASN,A,85,52,T,Turn,-75.78,81.84,11.5,4NGE
ASN,A,86,53,E,Strand,-79.22,144.53,0.2,4NGE
LEU,A,87,54,E,Strand,-127.97,138.66,3.0,4NGE
PHE,A,88,55,E,Strand,-114.59,148.00,0.2,4NGE
SER,A,89,56,E,Strand,-150.62,148.45,1.0,4NGE
VAL,A,90,57,E,Strand,-126.82,141.17,0.4,4NGE
GLN,A,91,58,E,Strand,-129.29,134.76,1.2,4NGE
PHE,A,92,59,E,Strand,-121.51,139.65,0.2,4NGE
ARG,A,93,60,E,Strand,-84.06,109.80,12.0,4NGE
THR,A,94,61,C,Coil,-116.71,114.32,0.0,4NGE
THR,A,95,62,C,Coil,-118.92,89.07,14.3,4NGE
PRO,A,96,63,C,Coil,-74.35,152.49,2.1,4NGE
MET,A,97,64,C,Coil,-122.43,14.50,111.2,4NGE
ASP,A,98,65,C,Coil,-149.77,169.56,67.8,4NGE
SER,A,99,66,C,Coil,-96.98,37.87,24.2,4NGE
THR,A,100,67,C,Coil,-79.26,-22.15,6.2,4NGE
GLY,A,101,68,C,Coil,80.80,21.46,0.2,4NGE
VAL,A,102,69,H,AlphaHelix,-56.92,-36.08,6.0,4NGE
PRO,A,103,70,H,AlphaHelix,-76.28,-21.32,0.0,4NGE
HIS,A,104,71,H,AlphaHelix,-76.73,-44.13,0.0,4NGE
ILE,A,105,72,H,AlphaHelix,-68.73,-34.95,0.0,4NGE
LEU,A,106,73,H,AlphaHelix,-64.57,-39.54,0.0,4NGE
GLN,A,107,74,H,AlphaHelix,-60.83,-36.38,0.0,4NGE
HIS,A,108,75,H,AlphaHelix,-73.36,-36.75,3.5,4NGE
THR,A,109,76,H,AlphaHelix,-81.67,-31.93,6.2,4NGE
VAL,A,110,77,H,AlphaHelix,-66.84,-16.38,0.2,4NGE
LEU,A,111,78,C,Coil,-94.52,360.00,14.5,4NGE
GLY,A,113,79,C,Coil,360.00,143.53,10.6,4NGE
SER,A,114,80,T,Turn,-139.12,175.25,6.7,4NGE
GLN,A,115,81,T,Turn,-66.55,-42.59,136.2,4NGE
LYS,A,116,82,T,Turn,-76.69,-25.77,90.7,4NGE
TYR,A,117,83,T,Turn,-132.31,75.59,29.2,4NGE
PRO,A,118,84,T,Turn,-74.62,-7.24,79.0,4NGE
CYS,A,119,85,T,Turn,-60.33,166.19,21.8,4NGE
ARG,A,120,86,T,Turn,-81.74,133.93,21.0,4NGE
ASP,A,121,87,T,Turn,54.00,67.84,23.9,4NGE
PRO,A,122,88,H,AlphaHelix,-64.76,-38.07,5.2,4NGE
PHE,A,123,89,H,AlphaHelix,-58.01,-58.08,5.1,4NGE
PHE,A,124,90,H,AlphaHelix,-66.21,-27.42,18.2,4NGE
LYS,A,125,91,H,AlphaHelix,-72.36,-39.27,35.8,4NGE
MET,A,126,92,H,AlphaHelix,-69.62,-18.61,1.0,4NGE
LEU,A,127,93,H,AlphaHelix,-60.97,-26.27,1.4,4NGE
ASN,A,128,94,T,Turn,-111.31,9.27,8.0,4NGE
ARG,A,129,95,T,Turn,-121.34,14.33,20.9,4NGE
SER,A,130,96,T,Turn,-141.69,165.87,0.0,4NGE
LEU,A,131,97,C,Coil,-114.06,46.95,31.0,4NGE
SER,A,132,98,E,Strand,-73.75,161.91,0.8,4NGE
THR,A,133,99,E,Strand,-102.08,-16.60,13.7,4NGE
PHE,A,134,100,E,Strand,-164.27,141.31,3.2,4NGE
MET,A,135,101,B,Bridge,-157.01,104.29,1.0,4NGE
ASN,A,136,102,C,Coil,-162.33,-172.55,1.8,4NGE
ALA,A,137,103,C,Coil,-150.69,145.80,0.2,4NGE
PHE,A,138,104,E,Strand,-133.67,148.26,41.2,4NGE
THR,A,139,105,E,Strand,-123.39,106.59,0.2,4NGE
ALA,A,140,106,T,Turn,-84.30,-170.08,10.2,4NGE
SER,A,141,107,T,Turn,-68.33,-37.48,20.5,4NGE
ASP,A,142,108,T,Turn,-132.04,11.28,1.0,4NGE
TYR,A,143,109,E,Strand,-153.03,154.97,12.8,4NGE
THR,A,144,110,E,Strand,-117.79,138.65,0.0,4NGE
LEU,A,145,111,E,Strand,-128.61,130.91,6.0,4NGE
TYR,A,146,112,E,Strand,-122.71,89.01,0.2,4NGE
PRO,A,147,113,E,Strand,-104.89,149.42,0.0,4NGE
PHE,A,148,114,E,Strand,-143.99,158.34,0.0,4NGE
SER,A,149,115,E,Strand,-143.96,147.98,6.4,4NGE
THR,A,150,116,E,Strand,-157.27,164.80,0.2,4NGE
GLN,A,151,117,C,Coil,-107.06,-4.54,75.7,4NGE
ASN,A,152,118,C,Coil,-103.04,116.90,41.9,4NGE
PRO,A,153,119,H,AlphaHelix,-61.96,-33.28,70.6,4NGE
LYS,A,154,120,H,AlphaHelix,-72.61,-37.64,111.9,4NGE
ASP,A,155,121,H,AlphaHelix,-64.25,-33.37,0.0,4NGE
PHE,A,156,122,H,AlphaHelix,-62.24,-48.22,3.0,4NGE
GLN,A,157,123,H,AlphaHelix,-60.86,-41.25,55.1,4NGE
ASN,A,158,124,H,AlphaHelix,-63.30,-50.36,15.0,4NGE
LEU,A,159,125,H,AlphaHelix,-63.65,-34.36,0.6,4NGE
LEU,A,160,126,H,AlphaHelix,-66.21,-36.85,0.0,4NGE
SER,A,161,127,H,AlphaHelix,-71.50,-37.99,12.3,4NGE
VAL,A,162,128,H,AlphaHelix,-72.78,-36.51,7.8,4NGE
TYR,A,163,129,H,AlphaHelix,-71.00,-45.98,6.4,4NGE
LEU,A,164,130,H,AlphaHelix,-60.45,-41.37,1.8,4NGE
ASP,A,165,131,H,AlphaHelix,-74.19,-34.09,6.8,4NGE
ALA,A,166,132,H,AlphaHelix,-68.42,-44.41,6.4,4NGE
THR,A,167,133,H,AlphaHelix,-76.20,-37.75,0.4,4NGE
PHE,A,168,134,H,AlphaHelix,-97.73,-29.30,7.7,4NGE
PHE,A,169,135,C,Coil,-132.29,62.95,17.7,4NGE
PRO,A,170,136,C,Coil,-80.89,360.00,29.1,4NGE
LEU,A,172,137,C,Coil,360.00,59.57,56.5,4NGE
ARG,A,173,138,C,Coil,-58.67,143.07,104.5,4NGE
GLU,A,174,139,H,AlphaHelix,-61.82,-35.20,47.7,4NGE
LEU,A,175,140,H,AlphaHelix,-77.22,-29.94,19.0,4NGE
ASP,A,176,141,H,AlphaHelix,-67.15,-33.86,22.9,4NGE
PHE,A,177,142,H,AlphaHelix,-68.59,-33.44,5.4,4NGE
TRP,A,178,143,H,AlphaHelix,-70.14,-27.92,29.1,4NGE
GLN,A,179,144,H,AlphaHelix,-84.53,-44.85,6.2,4NGE
GLU,A,180,145,H,AlphaHelix,-88.45,-29.48,11.6,4NGE
GLY,A,181,146,H,AlphaHelix,-92.79,-96.51,0.0,4NGE
TRP,A,182,147,C,Coil,-148.53,152.76,47.8,4NGE
ARG,A,183,148,C,Coil,-155.12,158.37,13.8,4NGE
LEU,A,184,149,C,Coil,-91.77,127.21,22.0,4NGE
GLU,A,185,150,E,Strand,-146.49,143.29,24.3,4NGE
HIS,A,186,151,E,Strand,-71.57,147.88,17.7,4NGE
GLU,A,187,152,T,Turn,-58.59,-32.59,128.7,4NGE
ASN,A,188,153,T,Turn,-122.26,107.83,42.9,4NGE
PRO,A,189,154,T,Turn,-57.21,-9.81,6.1,4NGE
SER,A,190,155,T,Turn,-99.60,-15.06,6.4,4NGE
ASP,A,191,156,T,Turn,-113.30,98.46,53.2,4NGE
PRO,A,192,157,T,Turn,-73.75,11.79,47.3,4NGE
GLN,A,193,158,T,Turn,-102.31,-12.96,164.9,4NGE
THR,A,194,159,T,Turn,-75.12,150.23,29.0,4NGE
PRO,A,195,160,C,Coil,-68.08,154.99,76.9,4NGE
LEU,A,196,161,E,Strand,-86.67,139.74,18.3,4NGE
VAL,A,197,162,E,Strand,-132.76,166.14,50.1,4NGE
PHE,A,198,163,C,Coil,-83.11,360.00,47.2,4NGE
GLY,A,200,164,C,Coil,360.00,147.60,5.1,4NGE
VAL,A,201,165,H,AlphaHelix,-74.42,-52.26,0.2,4NGE
VAL,A,202,166,H,AlphaHelix,-63.25,-37.39,0.0,4NGE
PHE,A,203,167,H,AlphaHelix,-53.34,-40.89,2.4,4NGE
ASN,A,204,168,H,AlphaHelix,-89.48,-26.97,6.0,4NGE
GLU,A,205,169,H,AlphaHelix,-58.97,-41.61,3.0,4NGE
MET,A,206,170,H,AlphaHelix,-84.30,-31.05,0.6,4NGE
LYS,A,207,171,H,AlphaHelix,-52.96,-51.52,36.8,4NGE
GLY,A,208,172,H,AlphaHelix,-73.80,-24.61,0.9,4NGE
ALA,A,209,173,H,AlphaHelix,-64.08,-38.38,2.8,4NGE
PHE,A,210,174,H,AlphaHelix,-95.96,19.25,29.0,4NGE
THR,A,211,175,T,Turn,-74.90,-29.21,6.5,4NGE
ASP,A,212,176,T,Turn,-76.24,119.31,13.1,4NGE
ASN,A,213,177,H,AlphaHelix,-70.79,-32.15,37.7,4NGE
GLU,A,214,178,H,AlphaHelix,-63.36,-34.10,62.1,4NGE
ARG,A,215,179,H,AlphaHelix,-75.44,-30.36,61.6,4NGE
ILE,A,216,180,H,AlphaHelix,-66.70,-45.65,3.6,4NGE
PHE,A,217,181,H,AlphaHelix,-64.81,-44.36,0.0,4NGE
SER,A,218,182,H,AlphaHelix,-59.67,-42.41,19.0,4NGE
GLN,A,219,183,H,AlphaHelix,-63.44,-48.95,11.1,4NGE
HIS,A,220,184,H,AlphaHelix,-67.79,-29.82,59.7,4NGE
LEU,A,221,185,H,AlphaHelix,-61.39,-51.10,0.0,4NGE
GLN,A,222,186,H,AlphaHelix,-64.16,-38.70,18.6,4NGE
ASN,A,223,187,H,AlphaHelix,-69.26,-37.99,23.1,4NGE
ARG,A,224,188,H,AlphaHelix,-81.05,-30.94,104.5,4NGE
LEU,A,225,189,H,AlphaHelix,-80.27,-30.58,0.0,4NGE
LEU,A,226,190,C,Coil,-125.75,69.56,1.2,4NGE
PRO,A,227,191,C,Coil,-87.84,5.10,44.1,4NGE
ASP,A,228,192,C,Coil,-85.48,-41.87,88.6,4NGE
HIS,A,229,193,T,Turn,-140.29,-158.86,50.1,4NGE
THR,A,230,194,T,Turn,-48.53,-16.63,1.2,4NGE
TYR,A,231,195,T,Turn,-80.32,-3.39,5.6,4NGE
SER,A,232,196,T,Turn,-86.51,-5.64,44.3,4NGE
VAL,A,233,197,T,Turn,-116.55,170.08,11.9,4NGE
VAL,A,234,198,T,Turn,-92.07,98.77,7.8,4NGE
SER,A,235,199,T,Turn,-63.84,-32.00,3.8,4NGE
GLY,A,236,200,T,Turn,-79.61,-25.42,0.0,4NGE
GLY,A,237,201,T,Turn,119.02,119.86,0.0,4NGE
ASP,A,238,202,T,Turn,-84.03,116.63,53.5,4NGE
PRO,A,239,203,T,Turn,-43.45,-25.00,10.8,4NGE
LEU,A,240,204,T,Turn,-89.69,-18.25,30.8,4NGE
CYS,A,241,205,T,Turn,-108.15,-9.91,45.9,4NGE
ILE,A,242,206,G,310Helix,-58.17,-46.49,0.0,4NGE
PRO,A,243,207,G,310Helix,-70.72,0.38,23.0,4NGE
GLU,A,244,208,G,310Helix,-80.99,-6.52,114.9,4NGE
LEU,A,245,209,C,Coil,-83.60,127.16,1.7,4NGE
THR,A,246,210,C,Coil,-98.93,164.41,63.6,4NGE
TRP,A,247,211,G,310Helix,-62.90,-36.92,111.1,4NGE
GLU,A,248,212,G,310Helix,-67.82,-38.71,141.2,4NGE
GLN,A,249,213,G,310Helix,-64.31,-32.63,83.9,4NGE
LEU,A,250,214,C,Coil,-69.47,360.00,3.3,4NGE
GLN,A,252,215,H,AlphaHelix,360.00,-42.41,126.3,4NGE
PHE,A,253,216,H,AlphaHelix,-60.63,-37.62,21.3,4NGE
HIS,A,254,217,H,AlphaHelix,-69.87,-42.06,22.5,4NGE
ALA,A,255,218,H,AlphaHelix,-66.74,-23.36,76.5,4NGE
THR,A,256,219,H,AlphaHelix,-87.72,-31.92,48.6,4NGE
HIS,A,257,220,H,AlphaHelix,-113.83,-20.31,11.6,4NGE
TYR,A,258,221,H,AlphaHelix,-101.85,43.10,5.4,4NGE
HIS,A,259,222,C,Coil,-100.92,135.35,23.3,4NGE
PRO,A,260,223,G,310Helix,-52.32,-23.14,0.0,4NGE
SER,A,261,224,G,310Helix,-70.22,-15.52,4.8,4NGE
ASN,A,262,225,G,310Helix,-109.38,24.48,1.0,4NGE
ALA,A,263,226,E,Strand,-121.88,153.89,0.0,4NGE
ARG,A,264,227,E,Strand,-122.73,122.14,0.9,4NGE
PHE,A,265,228,E,Strand,-102.39,140.43,0.0,4NGE
PHE,A,266,229,E,Strand,-140.69,133.72,0.0,4NGE
THR,A,267,230,E,Strand,-135.78,152.22,0.0,4NGE
TYR,A,268,231,E,Strand,-140.86,134.94,0.9,4NGE
GLY,A,269,232,E,Strand,132.18,-162.68,0.0,4NGE
ASN,A,270,233,C,Coil,-97.93,-11.88,37.9,4NGE
PHE,A,271,234,C,Coil,-64.26,139.89,20.7,4NGE
PRO,A,272,235,C,Coil,-52.03,129.36,73.0,4NGE
LEU,A,273,236,H,AlphaHelix,-66.16,-35.63,0.2,4NGE
GLU,A,274,237,H,AlphaHelix,-57.03,-40.43,71.8,4NGE
GLN,A,275,238,H,AlphaHelix,-60.94,-40.09,84.5,4NGE
HIS,A,276,239,H,AlphaHelix,-65.12,-50.93,3.6,4NGE
LEU,A,277,240,H,AlphaHelix,-61.88,360.00,1.3,4NGE
GLN,A,279,241,H,AlphaHelix,360.00,-45.54,20.8,4NGE
ILE,A,280,242,H,AlphaHelix,-63.90,-41.35,0.0,4NGE
HIS,A,281,243,H,AlphaHelix,-71.41,-48.78,37.7,4NGE
GLU,A,282,244,H,AlphaHelix,-77.52,-14.87,140.9,4NGE
GLU,A,283,245,H,AlphaHelix,-101.45,-31.27,50.4,4NGE
ALA,A,284,246,H,AlphaHelix,-134.06,-60.77,0.4,4NGE
LEU,A,285,247,G,310Helix,-65.40,-25.39,0.2,4NGE
SER,A,286,248,G,310Helix,-66.90,-24.97,60.1,4NGE
LYS,A,287,249,G,310Helix,-81.18,-1.44,130.0,4NGE
PHE,A,288,250,C,Coil,-118.39,161.82,46.4,4NGE
GLN,A,289,251,C,Coil,-130.66,158.54,155.1,4NGE
LYS,A,290,252,C,Coil,-59.17,130.73,129.8,4NGE
ILE,A,291,253,C,Coil,-126.88,170.70,70.5,4NGE
GLU,A,292,254,C,Coil,-111.28,100.50,171.1,4NGE
PRO,A,293,255,C,Coil,-60.40,130.39,20.2,4NGE
SER,A,294,256,C,Coil,-85.46,58.21,109.5,4NGE
THR,A,295,257,C,Coil,-131.42,10.60,0.6,4NGE
VAL,A,296,258,C,Coil,-71.05,134.25,87.2,4NGE
VAL,A,297,259,C,Coil,-91.33,114.92,3.4,4NGE
PRO,A,298,260,C,Coil,-67.37,162.42,60.2,4NGE
ALA,A,299,261,C,Coil,-73.97,137.88,49.7,4NGE
GLN,A,300,262,C,Coil,-65.77,123.66,13.7,4NGE
THR,A,301,263,C,Coil,-74.45,117.77,99.5,4NGE
PRO,A,302,264,C,Coil,-61.87,139.55,83.5,4NGE
TRP,A,303,265,T,Turn,-69.88,154.14,21.3,4NGE
ASP,A,304,266,T,Turn,-92.43,-19.94,152.3,4NGE
LYS,A,305,267,T,Turn,-145.22,137.69,159.6,4NGE
PRO,A,306,268,T,Turn,-62.38,160.63,44.6,4NGE
ARG,A,307,269,E,Strand,-130.00,157.13,100.9,4NGE
GLU,A,308,270,E,Strand,-128.42,137.31,133.5,4NGE
PHE,A,309,271,E,Strand,-135.41,149.61,54.9,4NGE
GLN,A,310,272,E,Strand,-124.93,129.23,86.6,4NGE
ILE,A,311,273,E,Strand,-129.20,176.66,16.3,4NGE
THR,A,312,274,E,Strand,-126.14,158.44,61.7,4NGE
CYS,A,313,275,E,Strand,-140.12,-170.41,6.8,4NGE
GLY,A,314,276,C,Coil,-86.25,162.07,1.8,4NGE
PRO,A,315,277,C,Coil,-69.61,-179.14,24.7,4NGE
ASP,A,316,278,T,Turn,-91.06,141.13,37.6,4NGE
SER,A,317,279,T,Turn,-104.65,104.73,13.4,4NGE
PHE,A,318,280,T,Turn,-136.96,10.89,130.3,4NGE
ALA,A,319,281,T,Turn,-80.69,-172.27,39.0,4NGE
THR,A,320,282,C,Coil,-50.97,360.00,74.8,4NGE
PRO,A,322,283,C,Coil,360.00,68.36,141.6,4NGE
SER,A,323,284,C,Coil,-137.74,-24.01,78.7,4NGE
LYS,A,324,285,C,Coil,-85.93,63.87,104.3,4NGE
GLN,A,325,286,C,Coil,-140.90,26.16,46.5,4NGE
THR,A,326,287,E,Strand,-93.18,140.19,6.2,4NGE
THR,A,327,288,E,Strand,-112.31,135.40,12.6,4NGE
VAL,A,328,289,E,Strand,-135.01,146.27,0.8,4NGE
SER,A,329,290,E,Strand,-148.07,156.63,0.2,4NGE
VAL,A,330,291,E,Strand,-129.45,129.16,8.2,4NGE
SER,A,331,292,E,Strand,-124.96,145.61,0.2,4NGE
PHE,A,332,293,E,Strand,-123.74,138.52,0.6,4NGE
LEU,A,333,294,E,Strand,-83.54,134.35,13.4,4NGE
LEU,A,334,295,E,Strand,-114.00,169.61,6.2,4NGE
PRO,A,335,296,E,Strand,-71.14,177.07,39.4,4NGE
ASP,A,336,297,E,Strand,-60.39,139.28,35.2,4NGE
ILE,A,337,298,T,Turn,-73.94,-9.24,10.3,4NGE
THR,A,338,299,T,Turn,-74.11,-21.98,47.0,4NGE
ASP,A,339,300,T,Turn,-78.59,82.62,91.2,4NGE
THR,A,340,301,H,AlphaHelix,-59.47,-44.32,25.2,4NGE
PHE,A,341,302,H,AlphaHelix,-70.48,-38.90,25.4,4NGE
GLU,A,342,303,H,AlphaHelix,-69.16,-29.40,25.4,4NGE
ALA,A,343,304,H,AlphaHelix,-72.38,-44.51,11.9,4NGE
PHE,A,344,305,H,AlphaHelix,-61.62,-36.57,17.1,4NGE
THR,A,345,306,H,AlphaHelix,-67.06,-51.59,0.0,4NGE
LEU,A,346,307,H,AlphaHelix,-68.37,-26.45,4.0,4NGE
SER,A,347,308,H,AlphaHelix,-69.64,-42.87,41.4,4NGE
LEU,A,348,309,H,AlphaHelix,-64.48,-44.18,8.8,4NGE
LEU,A,349,310,H,AlphaHelix,-59.83,-35.33,0.4,4NGE
SER,A,350,311,H,AlphaHelix,-69.73,-31.40,2.8,4NGE
SER,A,351,312,H,AlphaHelix,-73.42,-40.11,41.8,4NGE
LEU,A,352,313,H,AlphaHelix,-60.27,-29.35,1.4,4NGE
LEU,A,353,314,H,AlphaHelix,-84.50,-27.79,3.6,4NGE
THR,A,354,315,H,AlphaHelix,-130.53,-17.61,14.9,4NGE
SER,A,355,316,C,Coil,-89.36,118.94,57.8,4NGE
GLY,A,356,317,T,Turn,90.66,163.23,23.3,4NGE
PRO,A,357,318,T,Turn,-72.32,-2.44,21.9,4NGE
ASN,A,358,319,T,Turn,-100.53,-2.13,47.0,4NGE
SER,A,359,320,T,Turn,-77.73,145.42,5.8,4NGE
PRO,A,360,321,C,Coil,-52.17,-48.26,37.1,4NGE
PHE,A,361,322,H,AlphaHelix,-72.72,-23.59,1.8,4NGE
TYR,A,362,323,H,AlphaHelix,-68.22,360.00,22.6,4NGE
ALA,A,364,324,H,AlphaHelix,360.00,-40.23,31.7,4NGE
LEU,A,365,325,H,AlphaHelix,-104.17,-52.12,0.0,4NGE
ILE,A,366,326,H,AlphaHelix,-66.55,-49.73,9.1,4NGE
GLU,A,367,327,H,AlphaHelix,-79.60,5.77,63.6,4NGE
SER,A,368,328,C,Coil,-83.16,-18.68,49.7,4NGE
GLY,A,369,329,C,Coil,69.20,24.71,39.6,4NGE
LEU,A,370,330,C,Coil,-88.71,-31.77,32.8,4NGE
GLY,A,371,331,C,Coil,-128.13,-162.30,5.4,4NGE
THR,A,372,332,C,Coil,-116.59,-27.59,19.4,4NGE
ASP,A,373,333,E,Strand,-167.58,170.98,28.3,4NGE
PHE,A,374,334,E,Strand,-59.79,153.88,22.9,4NGE
SER,A,375,335,T,Turn,-67.87,165.64,3.3,4NGE
PRO,A,376,336,T,Turn,-66.94,154.25,9.0,4NGE
ASP,A,377,337,T,Turn,57.56,41.43,54.8,4NGE
VAL,A,378,338,T,Turn,-72.58,138.88,52.4,4NGE
GLY,A,379,339,E,Strand,99.12,-149.53,4.0,4NGE
TYR,A,380,340,E,Strand,-85.46,126.91,57.1,4NGE
ASN,A,381,341,E,Strand,-118.01,105.29,17.3,4NGE
GLY,A,382,342,C,Coil,-114.34,38.30,23.4,4NGE
TYR,A,383,343,C,Coil,-91.35,-30.44,149.0,4NGE
THR,A,384,344,T,Turn,-85.75,171.89,0.6,4NGE
ARG,A,385,345,T,Turn,-62.32,-58.69,56.3,4NGE
GLU,A,386,346,E,Strand,-85.24,120.28,9.0,4NGE
ALA,A,387,347,E,Strand,-70.34,166.90,0.0,4NGE
TYR,A,388,348,E,Strand,-147.53,153.49,7.0,4NGE
PHE,A,389,349,E,Strand,-109.06,141.17,0.0,4NGE
SER,A,390,350,E,Strand,-137.01,145.14,0.0,4NGE
VAL,A,391,351,E,Strand,-152.19,151.14,0.0,4NGE
GLY,A,392,352,E,Strand,167.56,-171.85,0.2,4NGE
LEU,A,393,353,E,Strand,-128.72,155.16,0.0,4NGE
GLN,A,394,354,E,Strand,-122.65,154.97,10.4,4NGE
GLY,A,395,355,E,Strand,85.50,28.52,3.9,4NGE
ILE,A,396,356,E,Strand,-103.22,159.43,0.0,4NGE
VAL,A,397,357,C,Coil,-83.09,140.74,31.3,4NGE
GLU,A,398,358,G,310Helix,-58.32,-25.65,72.2,4NGE
LYS,A,399,359,G,310Helix,-70.02,-18.77,172.0,4NGE
ASP,A,400,360,G,310Helix,-96.23,13.55,30.3,4NGE
ILE,A,401,361,H,AlphaHelix,-62.25,-45.10,28.0,4NGE
GLU,A,402,362,H,AlphaHelix,-66.68,-32.69,118.6,4NGE
THR,A,403,363,H,AlphaHelix,-57.48,-48.04,58.6,4NGE
VAL,A,404,364,H,AlphaHelix,-61.76,-47.56,0.6,4NGE
ARG,A,405,365,H,AlphaHelix,-59.81,-36.23,50.0,4NGE
SER,A,406,366,H,AlphaHelix,-69.08,-39.88,51.8,4NGE
LEU,A,407,367,H,AlphaHelix,-61.51,-45.67,26.9,4NGE
ILE,A,408,368,H,AlphaHelix,-60.87,-41.32,1.8,4NGE
ASP,A,409,369,H,AlphaHelix,-62.27,-47.75,79.2,4NGE
ARG,A,410,370,H,AlphaHelix,-67.33,-38.95,115.9,4NGE
THR,A,411,371,H,AlphaHelix,-63.56,-41.81,2.6,4NGE
ILE,A,412,372,H,AlphaHelix,-62.02,-40.20,5.3,4NGE
ASP,A,413,373,H,AlphaHelix,-61.33,-40.95,55.5,4NGE
GLU,A,414,374,H,AlphaHelix,-69.95,-38.54,60.3,4NGE
VAL,A,415,375,H,AlphaHelix,-66.99,-39.77,7.3,4NGE
VAL,A,416,376,H,AlphaHelix,-59.73,-37.80,34.4,4NGE
GLU,A,417,377,H,AlphaHelix,-86.34,-25.78,143.9,4NGE
LYS,A,418,378,H,AlphaHelix,-119.53,-27.24,151.7,4NGE
GLY,A,419,379,C,Coil,72.37,-159.92,15.8,4NGE
PHE,A,420,380,C,Coil,-114.64,149.06,27.6,4NGE
GLU,A,421,381,C,Coil,-72.59,151.15,135.4,4NGE
ASP,A,422,382,H,AlphaHelix,-73.34,-30.93,108.3,4NGE
ASP,A,423,383,H,AlphaHelix,-72.76,-23.68,70.5,4NGE
ARG,A,424,384,H,AlphaHelix,-78.67,-33.12,18.4,4NGE
ILE,A,425,385,H,AlphaHelix,-65.95,-39.33,9.2,4NGE
GLU,A,426,386,H,AlphaHelix,-66.52,-39.12,76.1,4NGE
ALA,A,427,387,H,AlphaHelix,-62.80,-43.26,3.2,4NGE
LEU,A,428,388,H,AlphaHelix,-65.16,-44.36,24.3,4NGE
LEU,A,429,389,H,AlphaHelix,-65.44,-28.79,8.4,4NGE
HIS,A,430,390,H,AlphaHelix,-70.79,360.00,15.3,4NGE
ILE,A,432,391,H,AlphaHelix,360.00,-38.20,23.3,4NGE
GLU,A,433,392,H,AlphaHelix,-58.48,-39.90,43.9,4NGE
ILE,A,434,393,H,AlphaHelix,-69.98,-42.68,18.0,4NGE
GLN,A,435,394,H,AlphaHelix,-62.97,-30.17,155.5,4NGE
MET,A,436,395,H,AlphaHelix,-78.48,-37.19,27.1,4NGE
LYS,A,437,396,H,AlphaHelix,-88.64,-19.51,65.6,4NGE
HIS,A,438,397,C,Coil,-66.20,143.42,61.7,4NGE
GLN,A,439,398,C,Coil,-105.30,108.43,31.8,4NGE
SER,A,440,399,T,Turn,-98.50,168.46,33.2,4NGE
THR,A,441,400,T,Turn,-95.18,-16.72,47.5,4NGE
SER,A,442,401,T,Turn,-119.18,48.87,36.8,4NGE
PHE,A,443,402,H,AlphaHelix,-62.97,-45.73,20.8,4NGE
GLY,A,444,403,H,AlphaHelix,-59.49,-33.47,2.7,4NGE
LEU,A,445,404,H,AlphaHelix,-72.21,-38.96,28.2,4NGE
MET,A,446,405,H,AlphaHelix,-67.70,-37.66,85.7,4NGE
LEU,A,447,406,H,AlphaHelix,-68.33,-44.07,13.0,4NGE
THR,A,448,407,H,AlphaHelix,-69.21,-29.36,0.2,4NGE
SER,A,449,408,H,AlphaHelix,-76.72,-28.71,53.9,4NGE
TYR,A,450,409,H,AlphaHelix,-82.16,-20.31,111.4,4NGE
ILE,A,451,410,H,AlphaHelix,-105.27,-11.31,1.4,4NGE
ALA,A,452,411,H,AlphaHelix,-54.80,-49.01,0.0,4NGE
SER,A,453,412,H,AlphaHelix,-64.89,-43.63,10.4,4NGE
CYS,A,454,413,H,AlphaHelix,-65.33,-43.99,4.6,4NGE
TRP,A,455,414,H,AlphaHelix,-66.28,-33.34,13.2,4NGE
ASN,A,456,415,H,AlphaHelix,-61.69,-29.71,0.2,4NGE
HIS,A,457,416,H,AlphaHelix,-111.07,36.21,17.4,4NGE
ASP,A,458,417,C,Coil,61.27,38.72,91.9,4NGE
GLY,A,459,418,C,Coil,-93.46,171.62,12.8,4NGE
ASP,A,460,419,C,Coil,-94.40,106.87,58.8,4NGE
PRO,A,461,420,G,310Helix,-68.93,-22.19,9.0,4NGE
VAL,A,462,421,G,310Helix,-73.25,-32.28,17.4,4NGE
GLU,A,463,422,G,310Helix,-67.42,-22.86,96.2,4NGE
LEU,A,464,423,G,310Helix,-76.44,-15.48,17.1,4NGE
LEU,A,465,424,C,Coil,-88.21,360.00,8.3,4NGE
LEU,A,467,425,H,AlphaHelix,360.00,-28.64,31.0,4NGE
GLY,A,468,426,H,AlphaHelix,-59.61,-38.92,31.6,4NGE
ASN,A,469,427,H,AlphaHelix,-69.66,-44.11,135.1,4NGE
GLN,A,470,428,H,AlphaHelix,-66.39,-40.10,12.5,4NGE
LEU,A,471,429,H,AlphaHelix,-60.58,-47.95,30.7,4NGE
ALA,A,472,430,H,AlphaHelix,-60.99,-48.27,56.4,4NGE
LYS,A,473,431,H,AlphaHelix,-67.30,-34.50,106.8,4NGE
PHE,A,474,432,H,AlphaHelix,-63.99,-44.28,1.2,4NGE
ARG,A,475,433,H,AlphaHelix,-63.40,-42.65,116.8,4NGE
GLN,A,476,434,H,AlphaHelix,-64.44,-39.40,102.1,4NGE
CYS,A,477,435,H,AlphaHelix,-66.11,-22.33,23.8,4NGE
LEU,A,478,436,H,AlphaHelix,-86.64,-40.67,35.7,4NGE
GLN,A,479,437,H,AlphaHelix,-67.59,-24.55,170.0,4NGE
GLU,A,480,438,H,AlphaHelix,-88.24,-34.57,135.0,4NGE
ASN,A,481,439,C,Coil,-132.35,106.95,49.5,4NGE
PRO,A,482,440,C,Coil,-68.54,-15.66,109.3,4NGE
LYS,A,483,441,H,AlphaHelix,-112.95,21.92,128.1,4NGE
PHE,A,484,442,H,AlphaHelix,-56.82,-51.54,28.8,4NGE
LEU,A,485,443,H,AlphaHelix,-74.48,-27.03,7.7,4NGE
GLN,A,486,444,H,AlphaHelix,-71.05,-35.20,33.7,4NGE
GLU,A,487,445,H,AlphaHelix,-76.75,-26.00,110.8,4NGE
LYS,A,488,446,H,AlphaHelix,-70.98,-45.93,22.6,4NGE
VAL,A,489,447,H,AlphaHelix,-62.09,-36.39,1.4,4NGE
LYS,A,490,448,H,AlphaHelix,-62.79,-44.76,107.4,4NGE
GLN,A,491,449,H,AlphaHelix,-66.94,-43.39,100.7,4NGE
TYR,A,492,450,H,AlphaHelix,-102.56,-3.19,24.3,4NGE
PHE,A,493,451,H,AlphaHelix,-127.91,-46.06,2.6,4NGE
LYS,A,494,452,H,AlphaHelix,-85.90,-29.29,86.1,4NGE
ASN,A,495,453,C,Coil,-108.65,-5.17,98.7,4NGE
ASN,A,496,454,T,Turn,-79.71,113.10,25.6,4NGE
GLN,A,497,455,T,Turn,-82.11,-6.08,83.5,4NGE
HIS,A,498,456,T,Turn,-86.80,65.20,0.4,4NGE
LYS,A,499,457,E,Strand,-105.95,142.91,36.9,4NGE
LEU,A,500,458,E,Strand,-127.37,122.95,0.0,4NGE
THR,A,501,459,E,Strand,-104.95,119.95,10.8,4NGE
LEU,A,502,460,E,Strand,-125.80,125.68,0.2,4NGE
SER,A,503,461,E,Strand,-119.77,147.10,14.4,4NGE
MET,A,504,462,E,Strand,-134.86,130.29,5.1,4NGE
ARG,A,505,463,E,Strand,-126.76,138.46,120.1,4NGE
PRO,A,506,464,E,Strand,-76.53,152.65,32.2,4NGE
ASP,A,507,465,T,Turn,-114.54,128.36,73.5,4NGE
ASP,A,508,466,T,Turn,-69.05,-16.83,116.1,4NGE
LYS,A,509,467,T,Turn,-120.28,22.22,135.8,4NGE
TYR,A,510,468,T,Turn,-54.34,-53.43,41.7,4NGE
HIS,A,511,469,T,Turn,-74.22,-24.99,27.8,4NGE
GLU,A,512,470,T,Turn,-71.34,360.00,89.3,4NGE
GLN,A,514,471,H,AlphaHelix,360.00,-43.59,67.8,4NGE
ALA,A,515,472,H,AlphaHelix,-63.58,-39.31,51.8,4NGE
GLN,A,516,473,H,AlphaHelix,-56.84,-49.47,149.2,4NGE
VAL,A,517,474,H,AlphaHelix,-67.68,-36.32,56.0,4NGE
GLU,A,518,475,H,AlphaHelix,-61.17,-41.99,46.3,4NGE
ALA,A,519,476,H,AlphaHelix,-64.17,-30.94,57.7,4NGE
THR,A,520,477,H,AlphaHelix,-75.61,-45.71,72.7,4NGE
LYS,A,521,478,H,AlphaHelix,-61.23,-34.93,66.2,4NGE
LEU,A,522,479,H,AlphaHelix,-63.41,-53.08,36.0,4NGE
LYS,A,523,480,H,AlphaHelix,-61.26,-39.22,135.8,4NGE
GLN,A,524,481,G,310Helix,-61.72,360.00,123.4,4NGE
VAL,A,526,482,G,310Helix,360.00,-39.81,38.2,4NGE
GLU,A,527,483,G,310Helix,-59.37,-34.42,138.1,4NGE
ALA,A,528,484,G,310Helix,-79.81,-1.96,87.1,4NGE
LEU,A,529,485,C,Coil,-78.96,129.41,34.0,4NGE
SER,A,530,486,C,Coil,-84.35,160.94,50.8,4NGE
PRO,A,531,487,H,AlphaHelix,-54.84,-36.64,108.2,4NGE
GLY,A,532,488,H,AlphaHelix,-67.15,-39.00,48.2,4NGE
ASP,A,533,489,H,AlphaHelix,-63.54,-40.45,66.0,4NGE
ARG,A,534,490,H,AlphaHelix,-68.84,-33.18,110.2,4NGE
GLN,A,535,491,H,AlphaHelix,-71.91,-40.12,105.0,4NGE
GLN,A,536,492,H,AlphaHelix,-64.71,-39.16,98.2,4NGE
ILE,A,537,493,H,AlphaHelix,-64.22,-41.02,19.3,4NGE
TYR,A,538,494,H,AlphaHelix,-62.35,-48.45,25.8,4NGE
GLU,A,539,495,H,AlphaHelix,-69.20,-48.97,108.8,4NGE
LYS,A,540,496,H,AlphaHelix,-60.27,-39.83,41.1,4NGE
GLY,A,541,497,H,AlphaHelix,-63.19,-36.18,4.6,4NGE
LEU,A,542,498,H,AlphaHelix,-73.08,-31.74,9.6,4NGE
GLU,A,543,499,H,AlphaHelix,-72.03,-38.98,91.6,4NGE
LEU,A,544,500,H,AlphaHelix,-65.17,-43.64,0.2,4NGE
ARG,A,545,501,H,AlphaHelix,-61.30,-36.50,83.8,4NGE
SER,A,546,502,H,AlphaHelix,-64.67,-46.44,7.0,4NGE
GLN,A,547,503,H,AlphaHelix,-55.56,-40.77,53.3,4NGE
GLN,A,548,504,H,AlphaHelix,-74.06,-16.46,21.2,4NGE
SER,A,549,505,C,Coil,-104.62,-43.24,31.3,4NGE
LYS,A,550,506,C,Coil,-63.50,118.06,49.1,4NGE
PRO,A,551,507,C,Coil,-65.32,118.81,76.1,4NGE
GLN,A,552,508,C,Coil,-115.62,171.26,78.6,4NGE
ASP,A,553,509,C,Coil,-94.42,138.68,114.2,4NGE
ALA,A,554,510,C,Coil,-124.17,30.00,13.0,4NGE
SER,A,555,511,C,Coil,-78.77,360.00,106.0,4NGE
LEU,A,557,512,C,Coil,360.00,141.82,19.9,4NGE
PRO,A,558,513,C,Coil,-71.74,154.24,26.3,4NGE
ALA,A,559,514,C,Coil,-158.25,149.99,44.5,4NGE
LEU,A,560,515,C,Coil,-91.31,170.93,10.9,4NGE
LYS,A,561,516,C,Coil,-122.53,165.69,146.5,4NGE
VAL,A,562,517,G,310Helix,-58.57,-27.59,50.0,4NGE
SER,A,563,518,G,310Helix,-66.31,-15.52,95.0,4NGE
ASP,A,564,519,G,310Helix,-88.86,-3.65,67.7,4NGE
ILE,A,565,520,C,Coil,-87.87,132.72,9.6,4NGE
GLU,A,566,521,C,Coil,-63.58,131.77,137.1,4NGE
PRO,A,567,522,C,Coil,-68.37,-35.71,77.6,4NGE
THR,A,568,523,C,Coil,-125.40,154.66,84.5,4NGE
ILE,A,569,524,C,Coil,-92.76,151.19,47.6,4NGE
PRO,A,570,525,C,Coil,-66.37,129.39,97.0,4NGE
VAL,A,571,526,C,Coil,-67.70,137.77,95.1,4NGE
THR,A,572,527,C,Coil,-95.77,123.22,32.7,4NGE
GLU,A,573,528,C,Coil,-90.53,127.06,150.0,4NGE
LEU,A,574,529,C,Coil,-133.52,160.26,53.5,4NGE
ASP,A,575,530,E,Strand,-142.40,124.44,93.9,4NGE
VAL,A,576,531,E,Strand,-102.01,126.96,66.7,4NGE
VAL,A,577,532,E,Strand,-121.07,121.82,51.3,4NGE
LEU,A,578,533,E,Strand,-71.44,127.43,85.9,4NGE
THR,A,579,534,E,Strand,-138.98,137.36,6.9,4NGE
ALA,A,580,535,T,Turn,51.18,58.88,17.4,4NGE
GLY,A,581,536,T,Turn,-119.88,-0.85,53.9,4NGE
ASP,A,582,537,T,Turn,-149.12,19.33,114.9,4NGE
ILE,A,583,538,E,Strand,-81.23,119.20,5.5,4NGE
PRO,A,584,539,E,Strand,-72.56,134.42,25.4,4NGE
VAL,A,585,540,E,Strand,-126.12,128.61,0.0,4NGE
GLN,A,586,541,E,Strand,-100.11,120.67,9.4,4NGE
TYR,A,587,542,E,Strand,-109.45,126.67,6.9,4NGE
CYS,A,588,543,E,Strand,-128.40,107.11,0.2,4NGE
ALA,A,589,544,E,Strand,-71.28,123.57,50.9,4NGE
GLN,A,590,545,T,Turn,-146.71,151.02,40.1,4NGE
PRO,A,591,546,T,Turn,-72.49,75.29,91.9,4NGE
THR,A,592,547,T,Turn,-87.12,-0.24,0.4,4NGE
ASN,A,593,548,T,Turn,59.12,54.74,47.1,4NGE
GLY,A,594,549,T,Turn,72.71,24.75,14.9,4NGE
MET,A,595,550,E,Strand,-118.28,143.47,0.0,4NGE
VAL,A,596,551,E,Strand,-119.16,129.21,1.6,4NGE
TYR,A,597,552,E,Strand,-116.15,118.22,11.6,4NGE
PHE,A,598,553,E,Strand,-114.74,133.88,2.4,4NGE
ARG,A,599,554,E,Strand,-134.18,148.72,32.1,4NGE
ALA,A,600,555,E,Strand,-141.81,142.03,0.6,4NGE
PHE,A,601,556,E,Strand,-126.60,116.94,1.7,4NGE
SER,A,602,557,E,Strand,-112.37,126.17,1.4,4NGE
SER,A,603,558,E,Strand,-64.35,165.33,9.0,4NGE
LEU,A,604,559,T,Turn,-119.03,17.53,2.1,4NGE
ASN,A,605,560,T,Turn,-70.30,-25.22,6.4,4NGE
THR,A,606,561,T,Turn,-91.22,-9.65,46.0,4NGE
LEU,A,607,562,T,Turn,-75.11,131.37,4.3,4NGE
PRO,A,608,563,C,Coil,-61.33,138.27,31.4,4NGE
GLU,A,609,564,G,310Helix,-66.46,-19.78,91.1,4NGE
GLU,A,610,565,G,310Helix,-63.89,-30.23,100.7,4NGE
LEU,A,611,566,G,310Helix,-94.72,-4.05,0.2,4NGE
ARG,A,612,567,G,310Helix,-58.32,-43.31,27.9,4NGE
PRO,A,613,568,G,310Helix,-67.20,-12.10,38.3,4NGE
TYR,A,614,569,G,310Helix,-99.55,0.17,44.9,4NGE
VAL,A,615,570,H,AlphaHelix,-70.07,-41.12,0.0,4NGE
PRO,A,616,571,H,AlphaHelix,-60.77,-41.31,18.0,4NGE
LEU,A,617,572,H,AlphaHelix,-59.86,-46.04,3.5,4NGE
PHE,A,618,573,H,AlphaHelix,-55.36,-47.83,0.6,4NGE
CYS,A,619,574,H,AlphaHelix,-66.89,-29.00,3.6,4NGE
SER,A,620,575,H,AlphaHelix,-80.84,-13.95,63.9,4NGE
VAL,A,621,576,H,AlphaHelix,-117.31,-14.19,1.2,4NGE
LEU,A,622,577,H,AlphaHelix,-51.54,-38.59,1.8,4NGE
THR,A,623,578,C,Coil,-104.24,360.00,40.6,4NGE
LEU,A,625,579,C,Coil,360.00,-6.15,6.9,4NGE
GLY,A,626,580,C,Coil,105.67,150.60,0.8,4NGE
CYS,A,627,581,B,Bridge,-141.59,128.26,1.7,4NGE
GLY,A,628,582,T,Turn,63.93,-114.36,39.8,4NGE
LEU,A,629,583,T,Turn,-94.47,5.51,168.7,4NGE
LEU,A,630,584,B,Bridge,-102.59,118.21,49.2,4NGE
ASP,A,631,585,C,Coil,-71.34,173.10,69.5,4NGE
TYR,A,632,586,H,AlphaHelix,-63.40,-27.76,27.3,4NGE
ARG,A,633,587,H,AlphaHelix,-71.04,-47.18,93.2,4NGE
GLU,A,634,588,H,AlphaHelix,-66.41,-40.52,89.5,4NGE
GLN,A,635,589,H,AlphaHelix,-62.91,-40.02,3.6,4NGE
ALA,A,636,590,H,AlphaHelix,-65.06,-35.81,21.8,4NGE
GLN,A,637,591,H,AlphaHelix,-64.03,-42.14,15.0,4NGE
GLN,A,638,592,H,AlphaHelix,-68.49,-43.03,72.5,4NGE
ILE,A,639,593,H,AlphaHelix,-62.17,-42.88,21.6,4NGE
GLU,A,640,594,H,AlphaHelix,-74.28,-22.91,56.3,4NGE
LEU,A,641,595,H,AlphaHelix,-93.75,360.00,62.0,4NGE
THR,A,643,596,C,Coil,360.00,176.56,8.6,4NGE
GLY,A,644,597,C,Coil,-101.40,-0.55,45.6,4NGE
GLY,A,645,598,E,Strand,140.35,142.13,30.6,4NGE
MET,A,646,599,E,Strand,-130.39,123.30,10.3,4NGE
SER,A,647,600,E,Strand,-135.71,158.59,63.0,4NGE
ALA,A,648,601,E,Strand,-129.71,140.90,11.2,4NGE
SER,A,649,602,E,Strand,-150.93,141.46,40.9,4NGE
PRO,A,650,603,E,Strand,-78.93,141.49,26.7,4NGE
HIS,A,651,604,E,Strand,-134.70,142.00,48.6,4NGE
VAL,A,652,605,E,Strand,-115.26,111.09,10.2,4NGE
LEU,A,653,606,E,Strand,-108.06,105.63,2.8,4NGE
PRO,A,654,607,E,Strand,-67.99,147.41,19.7,4NGE
ASP,A,655,608,T,Turn,-73.13,157.87,1.8,4NGE
ASP,A,656,609,T,Turn,-94.17,-3.22,12.0,4NGE
SER,A,657,610,T,Turn,-136.11,6.35,55.9,4NGE
HIS,A,658,611,T,Turn,-153.13,116.63,70.6,4NGE
MET,A,659,612,T,Turn,-60.36,-30.17,13.8,4NGE
ASP,A,660,613,T,Turn,-106.27,33.19,12.4,4NGE
THR,A,661,614,E,Strand,-130.96,135.16,6.3,4NGE
TYR,A,662,615,E,Strand,-155.16,163.81,1.6,4NGE
GLU,A,663,616,E,Strand,-112.87,126.82,4.2,4NGE
GLN,A,664,617,E,Strand,-114.06,133.60,4.0,4NGE
GLY,A,665,618,E,Strand,-176.02,-174.83,0.0,4NGE
VAL,A,666,619,E,Strand,-120.75,132.09,0.6,4NGE
LEU,A,667,620,E,Strand,-100.43,115.43,11.0,4NGE
PHE,A,668,621,E,Strand,-90.59,130.01,0.8,4NGE
SER,A,669,622,E,Strand,-133.01,136.39,25.3,4NGE
SER,A,670,623,E,Strand,-147.90,164.49,7.8,4NGE
LEU,A,671,624,E,Strand,-151.82,142.62,28.7,4NGE
CYS,A,672,625,E,Strand,-157.76,161.74,0.2,4NGE
LEU,A,673,626,E,Strand,-69.07,157.47,1.8,4NGE
ASP,A,674,627,T,Turn,-50.09,-41.12,46.9,4NGE
ARG,A,675,628,T,Turn,-78.02,-24.33,144.9,4NGE
ASN,A,676,629,H,AlphaHelix,-100.36,15.19,33.4,4NGE
LEU,A,677,630,H,AlphaHelix,-57.15,-46.10,4.2,4NGE
PRO,A,678,631,H,AlphaHelix,-63.94,-33.92,62.0,4NGE
ASP,A,679,632,H,AlphaHelix,-60.67,-42.97,70.8,4NGE
MET,A,680,633,H,AlphaHelix,-62.00,-47.20,0.4,4NGE
MET,A,681,634,H,AlphaHelix,-72.18,-24.46,5.4,4NGE
GLN,A,682,635,H,AlphaHelix,-73.61,-35.11,119.4,4NGE
LEU,A,683,636,H,AlphaHelix,-64.09,-43.59,15.5,4NGE
TRP,A,684,637,H,AlphaHelix,-62.80,-38.70,0.2,4NGE
SER,A,685,638,H,AlphaHelix,-64.24,-40.73,19.2,4NGE
GLU,A,686,639,H,AlphaHelix,-76.06,-30.92,78.0,4NGE
ILE,A,687,640,H,AlphaHelix,-69.65,-35.53,0.2,4NGE
PHE,A,688,641,H,AlphaHelix,-77.36,-27.24,1.3,4NGE
ASN,A,689,642,H,AlphaHelix,-106.97,-30.49,53.5,4NGE
ASN,A,690,643,C,Coil,-141.17,65.11,86.4,4NGE
PRO,A,691,644,B,Bridge,-80.31,142.82,21.3,4NGE
CYS,A,692,645,T,Turn,-90.70,88.20,35.8,4NGE
PHE,A,693,646,T,Turn,-84.89,21.13,22.0,4NGE
GLU,A,694,647,T,Turn,-109.60,-14.05,161.8,4NGE
GLU,A,695,648,T,Turn,-74.33,91.60,58.1,4NGE
GLU,A,696,649,H,AlphaHelix,-87.81,-30.49,54.6,4NGE
GLU,A,697,650,H,AlphaHelix,-70.87,-45.60,119.0,4NGE
HIS,A,698,651,H,AlphaHelix,-69.35,-28.61,11.7,4NGE
PHE,A,699,652,H,AlphaHelix,-61.62,-43.96,0.0,4NGE
LYS,A,700,653,H,AlphaHelix,-64.50,-33.80,64.0,4NGE
VAL,A,701,654,H,AlphaHelix,-63.33,-46.88,13.1,4NGE
LEU,A,702,655,H,AlphaHelix,-64.33,-40.19,30.3,4NGE
VAL,A,703,656,H,AlphaHelix,-69.09,-46.33,1.2,4NGE
LYS,A,704,657,H,AlphaHelix,-63.67,-28.86,46.1,4NGE
MET,A,705,658,H,AlphaHelix,-78.57,-44.11,31.1,4NGE
THR,A,706,659,H,AlphaHelix,-63.63,-41.30,27.5,4NGE
ALA,A,707,660,H,AlphaHelix,-63.64,-41.53,2.4,4NGE
GLN,A,708,661,H,AlphaHelix,-64.00,-42.87,25.2,4NGE
GLU,A,709,662,H,AlphaHelix,-68.24,-37.70,122.1,4NGE
LEU,A,710,663,H,AlphaHelix,-67.55,-39.43,42.3,4NGE
ALA,A,711,664,H,AlphaHelix,-72.17,-33.08,5.4,4NGE
ASN,A,712,665,H,AlphaHelix,-74.48,-21.30,23.2,4NGE
GLY,A,713,666,H,AlphaHelix,-95.81,1.80,26.4,4NGE
ILE,A,714,667,C,Coil,-62.37,-50.07,1.2,4NGE
PRO,A,715,668,G,310Helix,-58.77,-44.07,5.8,4NGE
ASP,A,716,669,G,310Helix,-67.01,-22.08,33.6,4NGE
SER,A,717,670,G,310Helix,-120.86,26.75,45.3,4NGE
GLY,A,718,671,H,AlphaHelix,-56.90,-36.37,0.0,4NGE
HIS,A,719,672,H,AlphaHelix,-72.79,-26.64,35.9,4NGE
LEU,A,720,673,H,AlphaHelix,-72.00,-47.38,87.4,4NGE
TYR,A,721,674,H,AlphaHelix,-63.38,-28.76,27.4,4NGE
ALA,A,722,675,H,AlphaHelix,-73.23,-42.86,0.0,4NGE
SER,A,723,676,H,AlphaHelix,-66.15,-40.87,22.6,4NGE
ILE,A,724,677,H,AlphaHelix,-67.17,-38.91,43.2,4NGE
ARG,A,725,678,H,AlphaHelix,-68.20,-43.36,7.9,4NGE
ALA,A,726,679,H,AlphaHelix,-60.75,-30.59,2.0,4NGE
GLY,A,727,680,H,AlphaHelix,-98.82,6.47,8.8,4NGE
ARG,A,728,681,T,Turn,-66.66,-30.91,43.2,4NGE
THR,A,729,682,T,Turn,-99.01,11.94,22.5,4NGE
LEU,A,730,683,T,Turn,-107.83,-33.24,0.0,4NGE
THR,A,731,684,T,Turn,-139.38,145.51,0.6,4NGE
PRO,A,732,685,H,AlphaHelix,-56.65,-42.02,2.0,4NGE
ALA,A,733,686,H,AlphaHelix,-63.21,-40.53,5.1,4NGE
GLY,A,734,687,H,AlphaHelix,-63.42,-38.81,15.4,4NGE
ASP,A,735,688,H,AlphaHelix,-64.23,-39.58,65.9,4NGE
LEU,A,736,689,H,AlphaHelix,-74.41,-35.73,1.2,4NGE
GLN,A,737,690,H,AlphaHelix,-67.21,-32.62,60.9,4NGE
GLU,A,738,691,H,AlphaHelix,-65.97,-36.14,0.2,4NGE
THR,A,739,692,H,AlphaHelix,-67.75,-38.02,32.7,4NGE
PHE,A,740,693,H,AlphaHelix,-82.66,-35.38,7.5,4NGE
SER,A,741,694,H,AlphaHelix,-145.44,13.73,46.0,4NGE
GLY,A,742,695,C,Coil,-86.17,-166.92,0.0,4NGE
MET,A,743,696,H,AlphaHelix,-69.14,-25.23,21.1,4NGE
ASP,A,744,697,H,AlphaHelix,-62.15,-39.23,43.5,4NGE
GLN,A,745,698,H,AlphaHelix,-71.95,-36.79,9.0,4NGE
VAL,A,746,699,H,AlphaHelix,-65.71,-46.93,11.9,4NGE
ARG,A,747,700,H,AlphaHelix,-63.63,-41.21,135.7,4NGE
LEU,A,748,701,H,AlphaHelix,-62.49,-48.92,18.8,4NGE
MET,A,749,702,H,AlphaHelix,-58.46,-38.21,2.2,4NGE
LYS,A,750,703,H,AlphaHelix,-65.13,-40.92,42.3,4NGE
ARG,A,751,704,H,AlphaHelix,-63.92,-42.86,118.9,4NGE
ILE,A,752,705,H,AlphaHelix,-63.24,-37.39,5.8,4NGE
ALA,A,753,706,H,AlphaHelix,-72.88,-11.16,23.4,4NGE
GLU,A,754,707,C,Coil,-98.78,-11.62,117.6,4NGE
MET,A,755,708,T,Turn,-64.84,133.33,68.2,4NGE
THR,A,756,709,T,Turn,-81.05,-32.05,152.1,4NGE
ASP,A,757,710,T,Turn,-114.56,101.98,76.2,4NGE
ILE,A,758,711,H,AlphaHelix,-83.55,-12.51,3.9,4NGE
LYS,A,759,712,H,AlphaHelix,-55.17,-44.43,88.8,4NGE
PRO,A,760,713,H,AlphaHelix,-62.93,-22.17,47.3,4NGE
ILE,A,761,714,H,AlphaHelix,-79.90,-38.62,10.0,4NGE
LEU,A,762,715,H,AlphaHelix,-64.21,-29.54,14.2,4NGE
ARG,A,763,716,H,AlphaHelix,-75.05,-15.75,152.7,4NGE
LYS,A,764,717,H,AlphaHelix,-74.65,-24.75,40.7,4NGE
LEU,A,765,718,H,AlphaHelix,-65.28,-43.07,1.0,4NGE
PRO,A,766,719,H,AlphaHelix,-61.87,-31.16,60.1,4NGE
ARG,A,767,720,H,AlphaHelix,-68.04,-37.28,95.9,4NGE
ILE,A,768,721,H,AlphaHelix,-72.66,-36.72,0.0,4NGE
LYS,A,769,722,H,AlphaHelix,-58.14,-40.28,63.0,4NGE
LYS,A,770,723,H,AlphaHelix,-75.11,-18.80,138.1,4NGE
HIS,A,771,724,H,AlphaHelix,-93.86,-26.03,39.1,4NGE
LEU,A,772,725,H,AlphaHelix,-98.29,-57.37,0.4,4NGE
LEU,A,773,726,T,Turn,-78.72,67.17,6.4,4NGE
ASN,A,774,727,T,Turn,-152.49,-175.22,16.4,4NGE
GLY,A,775,728,T,Turn,-109.93,21.05,0.9,4NGE
ASP,A,776,729,T,Turn,-71.49,-50.39,61.7,4NGE
ASN,A,777,730,T,Turn,-122.65,74.46,38.4,4NGE
MET,A,778,731,E,Strand,-133.23,149.58,16.0,4NGE
ARG,A,779,732,E,Strand,-145.96,150.74,32.1,4NGE
CYS,A,780,733,E,Strand,-130.43,162.70,1.2,4NGE
SER,A,781,734,E,Strand,-137.70,147.59,0.0,4NGE
VAL,A,782,735,E,Strand,-132.77,127.92,0.8,4NGE
ASN,A,783,736,E,Strand,-117.49,119.95,0.0,4NGE
ALA,A,784,737,E,Strand,-159.43,172.47,0.0,4NGE
THR,A,785,738,T,Turn,-66.39,148.50,14.8,4NGE
PRO,A,786,739,T,Turn,-59.97,-26.86,85.6,4NGE
GLN,A,787,740,T,Turn,-71.09,-23.21,169.9,4NGE
GLN,A,788,741,H,AlphaHelix,-97.92,-19.01,25.9,4NGE
MET,A,789,742,H,AlphaHelix,-52.36,-45.96,26.7,4NGE
PRO,A,790,743,H,AlphaHelix,-65.15,-31.74,67.7,4NGE
GLN,A,791,744,H,AlphaHelix,-68.62,-34.05,107.9,4NGE
THR,A,792,745,H,AlphaHelix,-72.31,-35.38,0.2,4NGE
GLU,A,793,746,H,AlphaHelix,-60.52,-28.72,61.9,4NGE
LYS,A,794,747,H,AlphaHelix,-78.09,-56.10,110.4,4NGE
ALA,A,795,748,H,AlphaHelix,-57.42,-40.33,14.6,4NGE
VAL,A,796,749,H,AlphaHelix,-65.60,-44.71,2.0,4NGE
GLU,A,797,750,H,AlphaHelix,-64.43,-36.77,38.9,4NGE
ASP,A,798,751,H,AlphaHelix,-66.49,-38.38,99.5,4NGE
PHE,A,799,752,H,AlphaHelix,-63.61,-41.97,1.6,4NGE
LEU,A,800,753,H,AlphaHelix,-68.82,-27.74,2.0,4NGE
ARG,A,801,754,H,AlphaHelix,-82.45,-15.27,146.8,4NGE
SER,A,802,755,C,Coil,-92.69,4.29,45.6,4NGE
ILE,A,803,756,C,Coil,-116.07,149.26,8.1,4NGE
GLY,A,804,757,C,Coil,-59.41,156.87,42.1,4NGE
ARG,A,805,758,C,Coil,-134.32,179.56,121.3,4NGE
SER,A,806,759,C,Coil,43.83,360.00,150.3,4NGE
PRO,A,812,760,C,Coil,360.00,145.12,112.4,4NGE
VAL,A,813,761,C,Coil,-73.60,-27.48,70.5,4NGE
ARG,A,814,762,C,Coil,-109.21,134.07,48.1,4NGE
PRO,A,815,763,C,Coil,-80.48,123.90,85.3,4NGE
HIS,A,816,764,E,Strand,-121.39,-177.42,112.1,4NGE
THR,A,817,765,E,Strand,-119.15,127.05,51.9,4NGE
VAL,A,818,766,E,Strand,-106.84,138.65,37.4,4NGE
GLU,A,819,767,E,Strand,-94.02,123.93,140.8,4NGE
LYS,A,820,768,E,Strand,-129.25,113.32,70.9,4NGE
PRO,A,821,769,T,Turn,-64.79,360.00,148.6,4NGE
VAL,A,838,770,T,Turn,360.00,33.40,117.3,4NGE
ILE,A,839,771,T,Turn,-140.72,126.31,84.3,4NGE
ARG,A,840,772,E,Strand,-105.74,138.73,35.1,4NGE
LYS,A,841,773,E,Strand,-104.78,108.63,80.5,4NGE
LEU,A,842,774,E,Strand,-106.69,150.53,0.6,4NGE
VAL,A,843,775,E,Strand,-84.44,125.39,2.4,4NGE
MET,A,844,776,E,Strand,-115.40,128.61,44.3,4NGE
GLU,A,845,777,T,Turn,-119.00,79.21,35.7,4NGE
PRO,A,846,778,T,Turn,-74.56,-5.23,70.4,4NGE
THR,A,847,779,T,Turn,-105.13,17.90,134.8,4NGE
PHE,A,848,780,T,Turn,-72.11,126.67,44.1,4NGE
LYS,A,849,781,C,Coil,-113.61,118.46,149.4,4NGE
PRO,A,850,782,C,Coil,-66.63,151.50,26.9,4NGE
TRP,A,851,783,C,Coil,-143.98,138.52,158.0,4NGE
GLN,A,852,784,C,Coil,-74.57,139.53,137.8,4NGE
MET,A,853,785,E,Strand,-151.84,360.00,65.4,4NGE
THR,A,855,786,E,Strand,360.00,133.44,6.1,4NGE
HIS,A,856,787,E,Strand,-119.57,108.29,4.4,4NGE
PHE,A,857,788,E,Strand,-81.23,112.53,11.0,4NGE
LEU,A,858,789,E,Strand,-70.29,99.93,61.3,4NGE
MET,A,859,790,T,Turn,-115.01,144.83,6.7,4NGE
PRO,A,860,791,T,Turn,-78.10,58.11,35.4,4NGE
PHE,A,861,792,T,Turn,-105.19,153.15,10.6,4NGE
PRO,A,862,793,C,Coil,-87.43,-5.39,41.1,4NGE
VAL,A,863,794,C,Coil,-136.40,167.71,0.0,4NGE
ASN,A,864,795,E,Strand,-115.33,163.16,12.6,4NGE
TYR,A,865,796,E,Strand,-136.21,115.65,0.2,4NGE
VAL,A,866,797,E,Strand,-115.97,139.91,0.2,4NGE
GLY,A,867,798,E,Strand,-140.27,131.64,0.6,4NGE
GLU,A,868,799,E,Strand,-125.95,122.87,25.6,4NGE
CYS,A,869,800,E,Strand,-114.24,138.75,1.8,4NGE
ILE,A,870,801,E,Strand,-127.21,131.95,1.0,4NGE
ARG,A,871,802,E,Strand,-81.70,111.38,49.2,4NGE
THR,A,872,803,C,Coil,-110.11,-122.71,10.2,4NGE
VAL,A,873,804,C,Coil,-126.99,154.80,15.0,4NGE
PRO,A,874,805,T,Turn,-78.71,-178.14,15.0,4NGE
TYR,A,875,806,T,Turn,-55.36,-44.64,26.6,4NGE
THR,A,876,807,T,Turn,-82.31,-6.21,58.0,4NGE
ASP,A,877,808,T,Turn,-74.51,131.44,48.9,4NGE
PRO,A,878,809,H,AlphaHelix,-58.08,-23.63,77.1,4NGE
ASP,A,879,810,H,AlphaHelix,-76.81,-17.26,26.1,4NGE
HIS,A,880,811,H,AlphaHelix,-62.53,-41.70,5.2,4NGE
ALA,A,881,812,H,AlphaHelix,-62.31,-38.52,0.2,4NGE
SER,A,882,813,H,AlphaHelix,-63.51,-47.05,0.4,4NGE
LEU,A,883,814,H,AlphaHelix,-58.94,-37.17,0.0,4NGE
LYS,A,884,815,H,AlphaHelix,-64.15,-44.71,63.2,4NGE
ILE,A,885,816,H,AlphaHelix,-65.34,-44.22,0.0,4NGE
LEU,A,886,817,H,AlphaHelix,-59.49,-39.30,0.2,4NGE
ALA,A,887,818,H,AlphaHelix,-60.71,-46.82,3.4,4NGE
ARG,A,888,819,H,AlphaHelix,-73.76,-37.62,45.3,4NGE
LEU,A,889,820,H,AlphaHelix,-54.97,-50.18,1.4,4NGE
MET,A,890,821,H,AlphaHelix,-62.64,-37.63,0.0,4NGE
THR,A,891,822,H,AlphaHelix,-67.07,-48.24,12.6,4NGE
ALA,A,892,823,H,AlphaHelix,-69.32,-37.44,21.4,4NGE
LYS,A,893,824,H,AlphaHelix,-111.69,2.71,72.3,4NGE
PHE,A,894,825,C,Coil,-140.38,-64.74,26.9,4NGE
LEU,A,895,826,H,AlphaHelix,-65.91,-36.79,0.0,4NGE
HIS,A,896,827,H,AlphaHelix,-61.69,-42.57,20.0,4NGE
THR,A,897,828,H,AlphaHelix,-66.92,-48.62,33.2,4NGE
GLU,A,898,829,H,AlphaHelix,-69.65,-56.06,76.7,4NGE
ILE,A,899,830,H,AlphaHelix,-75.10,-44.74,4.4,4NGE
ARG,A,900,831,H,AlphaHelix,-87.23,-61.29,1.8,4NGE
GLU,A,901,832,T,Turn,-64.01,360.00,8.4,4NGE
GLY,A,903,833,T,Turn,360.00,-46.90,39.5,4NGE
GLY,A,904,834,T,Turn,106.62,4.38,0.2,4NGE
ALA,A,905,835,C,Coil,-68.81,152.76,0.0,4NGE
TYR,A,906,836,C,Coil,-77.68,-34.28,10.2,4NGE
GLY,A,907,837,E,Strand,-148.99,145.62,4.8,4NGE
GLY,A,908,838,E,Strand,-168.34,131.87,8.4,4NGE
GLY,A,909,839,E,Strand,-176.14,-162.56,0.0,4NGE
ALA,A,910,840,C,Coil,-135.09,360.00,19.6,4NGE
LEU,A,912,841,C,Coil,360.00,123.54,23.7,4NGE
SER,A,913,842,T,Turn,-88.81,169.60,49.5,4NGE
HIS,A,914,843,T,Turn,-59.11,-30.48,42.0,4NGE
ASN,A,915,844,T,Turn,-84.00,8.04,14.8,4NGE
GLY,A,916,845,T,Turn,78.31,17.65,0.0,4NGE
ILE,A,917,846,E,Strand,-93.86,116.64,14.6,4NGE
PHE,A,918,847,E,Strand,-87.02,114.85,1.0,4NGE
THR,A,919,848,E,Strand,-118.20,126.17,32.7,4NGE
LEU,A,920,849,E,Strand,-102.20,138.72,1.2,4NGE
TYR,A,921,850,E,Strand,-145.14,158.72,62.1,4NGE
SER,A,922,851,E,Strand,-134.82,145.76,0.0,4NGE
TYR,A,923,852,E,Strand,-125.80,120.01,15.6,4NGE
ARG,A,924,853,E,Strand,56.27,58.51,16.2,4NGE
ASP,A,925,854,E,Strand,-97.92,125.34,0.4,4NGE
PRO,A,926,855,C,Coil,-69.55,-14.96,45.2,4NGE
ASN,A,927,856,C,Coil,-106.86,168.61,44.3,4NGE
THR,A,928,857,C,Coil,-136.72,-67.29,12.4,4NGE
ILE,A,929,858,H,AlphaHelix,-61.14,-45.61,36.9,4NGE
GLU,A,930,859,H,AlphaHelix,-63.83,-29.82,84.6,4NGE
THR,A,931,860,H,AlphaHelix,-68.89,-47.47,3.2,4NGE
LEU,A,932,861,H,AlphaHelix,-61.62,-34.36,27.2,4NGE
GLN,A,933,862,H,AlphaHelix,-66.67,-36.45,107.6,4NGE
SER,A,934,863,H,AlphaHelix,-67.53,-28.18,15.4,4NGE
PHE,A,935,864,H,AlphaHelix,-65.31,-42.51,3.2,4NGE
GLY,A,936,865,H,AlphaHelix,-69.61,-38.40,32.6,4NGE
LYS,A,937,866,H,AlphaHelix,-71.76,-21.43,100.5,4NGE
ALA,A,938,867,H,AlphaHelix,-74.12,-41.76,0.0,4NGE
VAL,A,939,868,H,AlphaHelix,-70.78,-38.45,23.9,4NGE
ASP,A,940,869,H,AlphaHelix,-62.48,-39.09,122.7,4NGE
TRP,A,941,870,H,AlphaHelix,-63.34,-38.29,57.1,4NGE
ALA,A,942,871,H,AlphaHelix,-68.30,360.00,1.4,4NGE
SER,A,944,872,C,Coil,360.00,-24.77,76.7,4NGE
GLY,A,945,873,C,Coil,74.97,360.00,3.9,4NGE
PHE,A,947,874,C,Coil,360.00,152.50,13.6,4NGE
THR,A,948,875,C,Coil,-91.37,173.37,41.5,4NGE
GLN,A,949,876,H,AlphaHelix,-71.32,-27.20,70.9,4NGE
GLN,A,950,877,H,AlphaHelix,-71.25,-33.33,96.7,4NGE
ASP,A,951,878,H,AlphaHelix,-67.54,-31.93,24.8,4NGE
ILE,A,952,879,H,AlphaHelix,-72.25,-41.58,0.0,4NGE
ASP,A,953,880,H,AlphaHelix,-63.79,-39.49,47.9,4NGE
GLU,A,954,881,H,AlphaHelix,-67.60,-31.82,17.6,4NGE
ALA,A,955,882,H,AlphaHelix,-69.67,-40.68,1.8,4NGE
LYS,A,956,883,H,AlphaHelix,-62.17,-46.39,15.8,4NGE
LEU,A,957,884,H,AlphaHelix,-56.84,-43.07,4.6,4NGE
SER,A,958,885,H,AlphaHelix,-66.16,-38.61,6.8,4NGE
VAL,A,959,886,H,AlphaHelix,-68.68,-48.61,6.1,4NGE
PHE,A,960,887,H,AlphaHelix,-68.47,-21.30,2.2,4NGE
SER,A,961,888,H,AlphaHelix,-69.27,-18.81,5.2,4NGE
THR,A,962,889,H,AlphaHelix,-96.46,-47.14,83.1,4NGE
VAL,A,963,890,H,AlphaHelix,-77.86,-22.67,85.2,4NGE
ASP,A,964,891,H,AlphaHelix,-97.74,16.23,50.4,4NGE
ALA,A,965,892,C,Coil,-60.25,146.25,42.6,4NGE
PRO,A,966,893,C,Coil,-61.31,141.39,35.5,4NGE
VAL,A,967,894,C,Coil,-109.75,129.23,73.4,4NGE
ALA,A,968,895,T,Turn,-67.67,148.74,6.6,4NGE
PRO,A,969,896,T,Turn,-53.89,-28.45,22.7,4NGE
SER,A,970,897,T,Turn,-75.61,-14.06,5.6,4NGE
ASP,A,971,898,T,Turn,-112.71,-8.21,69.8,4NGE
LYS,A,972,899,T,Turn,-86.18,124.98,58.1,4NGE
GLY,A,973,900,T,Turn,-118.74,94.71,8.2,4NGE
MET,A,974,901,H,AlphaHelix,-71.37,-27.41,16.6,4NGE
ASP,A,975,902,H,AlphaHelix,-59.40,-38.09,73.1,4NGE
HIS,A,976,903,H,AlphaHelix,-72.56,-41.19,77.5,4NGE
PHE,A,977,904,H,AlphaHelix,-70.10,-32.82,4.3,4NGE
LEU,A,978,905,H,AlphaHelix,-95.11,-53.23,20.0,4NGE
TYR,A,979,906,H,AlphaHelix,-103.07,-10.59,70.0,4NGE
GLY,A,980,907,C,Coil,71.02,37.24,19.1,4NGE
LEU,A,981,908,C,Coil,-100.54,120.90,12.3,4NGE
SER,A,982,909,C,Coil,-78.16,177.22,32.1,4NGE
ASP,A,983,910,H,AlphaHelix,-70.83,-30.67,44.0,4NGE
GLU,A,984,911,H,AlphaHelix,-60.54,-44.53,162.6,4NGE
MET,A,985,912,H,AlphaHelix,-69.34,-35.32,75.9,4NGE
LYS,A,986,913,H,AlphaHelix,-74.79,-38.06,46.9,4NGE
GLN,A,987,914,H,AlphaHelix,-67.20,-40.40,31.1,4NGE
ALA,A,988,915,H,AlphaHelix,-60.80,-42.36,46.3,4NGE
HIS,A,989,916,H,AlphaHelix,-73.44,-28.04,16.6,4NGE
ARG,A,990,917,H,AlphaHelix,-72.89,-37.45,15.3,4NGE
GLU,A,991,918,H,AlphaHelix,-77.80,-19.81,104.8,4NGE
GLN,A,992,919,H,AlphaHelix,-74.19,-37.48,54.4,4NGE
LEU,A,993,920,H,AlphaHelix,-64.17,-27.86,4.4,4NGE
PHE,A,994,921,H,AlphaHelix,-75.12,-36.31,58.5,4NGE
ALA,A,995,922,H,AlphaHelix,-85.28,-2.07,56.5,4NGE
VAL,A,996,923,C,Coil,-63.40,124.19,3.4,4NGE
SER,A,997,924,C,Coil,-120.89,172.73,35.0,4NGE
HIS,A,998,925,H,AlphaHelix,-64.88,-35.30,4.3,4NGE
ASP,A,999,926,H,AlphaHelix,-73.00,-32.64,45.9,4NGE
LYS,A,1000,927,H,AlphaHelix,-70.39,-28.89,79.8,4NGE
LEU,A,1001,928,H,AlphaHelix,-72.81,-36.08,0.2,4NGE
LEU,A,1002,929,H,AlphaHelix,-72.32,-40.95,15.3,4NGE
ALA,A,1003,930,H,AlphaHelix,-64.19,-46.24,3.0,4NGE
VAL,A,1004,931,H,AlphaHelix,-75.25,-27.36,0.6,4NGE
SER,A,1005,932,H,AlphaHelix,-72.99,-35.13,12.5,4NGE
ASP,A,1006,933,H,AlphaHelix,-79.38,-27.71,53.7,4NGE
ARG,A,1007,934,H,AlphaHelix,-78.58,-30.04,67.6,4NGE
TYR,A,1008,935,H,AlphaHelix,-124.02,-37.67,33.5,4NGE
LEU,A,1009,936,H,AlphaHelix,-86.18,-16.08,1.4,4NGE
GLY,A,1010,937,T,Turn,-61.29,155.53,19.0,4NGE
THR,A,1011,938,T,Turn,-71.19,125.29,139.1,4NGE
GLY,A,1012,939,T,Turn,85.71,-2.58,73.9,4NGE
LYS,A,1013,940,T,Turn,-90.28,-26.28,101.8,4NGE
SER,A,1014,941,C,Coil,-142.44,170.17,25.8,4NGE
THR,A,1015,942,C,Coil,-87.80,130.51,38.3,4NGE
HIS,A,1016,943,E,Strand,-108.74,160.16,26.0,4NGE
GLY,A,1017,944,E,Strand,-140.52,138.83,0.0,4NGE
LEU,A,1018,945,E,Strand,-131.05,142.96,34.7,4NGE
ALA,A,1019,946,E,Strand,-150.75,145.74,0.5,4NGE
ILE,A,1020,947,E,Strand,-139.79,125.79,1.6,4NGE
LEU,A,1021,948,E,Strand,-102.26,121.49,0.0,4NGE
GLY,A,1022,949,E,Strand,166.31,176.21,0.0,4NGE
PRO,A,1023,950,C,Coil,-62.65,173.75,47.4,4NGE
GLU,A,1024,951,C,Coil,-65.66,139.04,162.3,4NGE
ASN,A,1025,952,C,Coil,-126.24,108.60,26.8,4NGE
PRO,A,1026,953,H,AlphaHelix,-51.78,-38.96,81.3,4NGE
LYS,A,1027,954,H,AlphaHelix,-63.82,-40.32,141.5,4NGE
ILE,A,1028,955,H,AlphaHelix,-69.57,-39.56,3.0,4NGE
ALA,A,1029,956,H,AlphaHelix,-64.82,-27.16,65.3,4NGE
LYS,A,1030,957,H,AlphaHelix,-92.59,1.97,176.9,4NGE
ASP,A,1031,958,T,Turn,-96.67,113.51,59.8,4NGE
PRO,A,1032,959,T,Turn,-67.45,-15.19,127.7,4NGE
SER,A,1033,960,T,Turn,-83.71,3.23,79.1,4NGE
TRP,A,1034,961,T,Turn,-111.52,139.44,32.0,4NGE
ILE,A,1035,962,C,Coil,-106.30,129.59,61.4,4NGE
ILE,A,1036,963,B,Bridge,-103.21,125.77,79.4,4NGE
ARG,A,1037,964,C,Coil,-126.30,360.00,133.2,4NGE
ALA,D,32,1,C,Coil,360.00,177.92,58.8,4NGE
ALA,D,33,2,H,AlphaHelix,-68.39,-43.29,2.5,4NGE
CYS,D,34,3,H,AlphaHelix,-60.95,-33.49,35.1,4NGE
GLU,D,35,4,H,AlphaHelix,-74.48,-44.01,132.9,4NGE
ARG,D,36,5,H,AlphaHelix,-69.72,-32.98,68.6,4NGE
ALA,D,37,6,H,AlphaHelix,-67.02,-23.21,0.0,4NGE
LEU,D,38,7,H,AlphaHelix,-76.99,-7.79,79.3,4NGE
GLN,D,39,8,C,Coil,-80.82,-14.82,156.8,4NGE
TYR,D,40,9,C,Coil,-66.32,148.54,27.0,4NGE
LYS,D,41,10,T,Turn,-137.30,163.60,153.6,4NGE
LEU,D,42,11,T,Turn,-58.73,136.48,117.0,4NGE
GLY,D,43,12,T,Turn,88.79,-4.03,48.5,4NGE
ASP,D,44,13,E,Strand,-61.76,130.83,66.0,4NGE
LYS,D,45,14,E,Strand,-100.91,118.74,170.5,4NGE
ILE,D,46,15,E,Strand,-131.31,108.93,21.2,4NGE
HIS,D,47,16,T,Turn,49.19,45.89,72.6,4NGE
GLY,D,48,17,T,Turn,89.39,-2.56,22.1,4NGE
PHE,D,49,18,E,Strand,-106.95,159.96,0.2,4NGE
THR,D,50,19,E,Strand,-130.58,126.92,25.3,4NGE
VAL,D,51,20,E,Strand,-67.76,117.87,0.8,4NGE
ASN,D,52,21,E,Strand,-100.19,-28.01,69.5,4NGE
GLN,D,53,22,E,Strand,-162.38,139.35,52.3,4NGE
VAL,D,54,23,E,Strand,-126.28,120.98,34.0,4NGE
THR,D,55,24,E,Strand,-130.35,132.45,20.6,4NGE
SER,D,56,25,E,Strand,-89.06,126.25,58.3,4NGE
VAL,D,57,26,E,Strand,-118.79,81.88,1.0,4NGE
PRO,D,58,27,G,310Helix,-61.59,-29.40,91.4,4NGE
GLU,D,59,28,G,310Helix,-67.81,-18.24,58.4,4NGE
LEU,D,60,29,G,310Helix,-114.53,8.46,8.6,4NGE
PHE,D,61,30,C,Coil,56.42,36.27,102.1,4NGE
LEU,D,62,31,E,Strand,-141.15,159.31,0.3,4NGE
THR,D,63,32,E,Strand,-115.39,121.48,0.0,4NGE
ALA,D,64,33,E,Strand,-90.41,136.92,0.9,4NGE
VAL,D,65,34,E,Strand,-129.18,119.61,0.0,4NGE
LYS,D,66,35,E,Strand,-99.18,137.33,50.3,4NGE
LEU,D,67,36,E,Strand,-137.39,154.99,2.1,4NGE
THR,D,68,37,E,Strand,-127.11,137.44,44.1,4NGE
HIS,D,69,38,E,Strand,-76.49,128.65,0.8,4NGE
ASP,D,70,39,T,Turn,-63.26,-47.11,77.2,4NGE
ASP,D,71,40,T,Turn,-78.91,-39.07,89.0,4NGE
THR,D,72,41,T,Turn,-96.30,-30.73,11.1,4NGE
GLY,D,73,42,T,Turn,85.84,9.07,35.0,4NGE
ALA,D,74,43,C,Coil,-64.24,138.47,0.8,4NGE
ARG,D,75,44,E,Strand,-91.95,143.54,60.7,4NGE
TYR,D,76,45,E,Strand,-131.87,132.28,2.8,4NGE
LEU,D,77,46,E,Strand,-122.29,121.46,0.6,4NGE
HIS,D,78,47,E,Strand,-114.67,125.39,0.0,4NGE
LEU,D,79,48,E,Strand,-107.19,107.04,0.8,4NGE
ALA,D,80,49,E,Strand,-89.27,117.32,0.0,4NGE
ARG,D,81,50,T,Turn,-148.47,145.30,25.9,4NGE
GLU,D,82,51,T,Turn,-71.03,71.10,119.0,4NGE
ASP,D,83,52,T,Turn,-131.79,123.30,31.2,4NGE
THR,D,84,53,T,Turn,-73.11,-26.10,66.4,4NGE
ASN,D,85,54,T,Turn,-76.14,82.88,11.4,4NGE
ASN,D,86,55,E,Strand,-78.48,145.29,0.0,4NGE
LEU,D,87,56,E,Strand,-126.98,136.08,2.0,4NGE
PHE,D,88,57,E,Strand,-116.99,147.73,0.2,4NGE
SER,D,89,58,E,Strand,-150.00,149.31,1.0,4NGE
VAL,D,90,59,E,Strand,-126.60,141.28,0.4,4NGE
GLN,D,91,60,E,Strand,-129.40,135.70,0.8,4NGE
PHE,D,92,61,E,Strand,-122.20,139.23,0.2,4NGE
ARG,D,93,62,E,Strand,-84.80,110.11,13.2,4NGE
THR,D,94,63,C,Coil,-116.54,115.39,0.2,4NGE
THR,D,95,64,C,Coil,-119.48,89.37,12.5,4NGE
PRO,D,96,65,C,Coil,-75.28,153.84,1.7,4NGE
MET,D,97,66,C,Coil,-120.61,13.92,106.7,4NGE
ASP,D,98,67,C,Coil,-150.53,170.31,66.8,4NGE
SER,D,99,68,C,Coil,-97.10,37.38,25.0,4NGE
THR,D,100,69,C,Coil,-79.20,-22.13,7.4,4NGE
GLY,D,101,70,C,Coil,81.34,21.20,0.0,4NGE
VAL,D,102,71,H,AlphaHelix,-56.96,-34.89,6.4,4NGE
PRO,D,103,72,H,AlphaHelix,-75.20,-22.92,0.4,4NGE
HIS,D,104,73,H,AlphaHelix,-77.23,-43.67,0.0,4NGE
ILE,D,105,74,H,AlphaHelix,-67.54,-34.20,0.0,4NGE
LEU,D,106,75,H,AlphaHelix,-64.12,-39.53,0.0,4NGE
GLN,D,107,76,H,AlphaHelix,-61.03,-35.36,0.0,4NGE
HIS,D,108,77,H,AlphaHelix,-73.80,-36.48,0.0,4NGE
THR,D,109,78,H,AlphaHelix,-80.58,-31.25,0.3,4NGE
VAL,D,110,79,H,AlphaHelix,-66.91,-17.82,0.5,4NGE
LEU,D,111,80,T,Turn,-95.57,15.22,5.9,4NGE
CYS,D,112,81,T,Turn,-106.68,1.85,3.0,4NGE
GLY,D,113,82,T,Turn,154.35,142.92,0.5,4NGE
SER,D,114,83,B,Bridge,-139.73,171.47,1.2,4NGE
GLN,D,115,84,T,Turn,-59.68,360.00,145.4,4NGE
TYR,D,117,85,T,Turn,360.00,76.85,72.5,4NGE
PRO,D,118,86,T,Turn,-74.07,-6.01,84.8,4NGE
CYS,D,119,87,T,Turn,-59.89,164.77,21.5,4NGE
ARG,D,120,88,T,Turn,-82.80,133.88,42.5,4NGE
ASP,D,121,89,T,Turn,53.01,66.58,20.8,4NGE
PRO,D,122,90,T,Turn,-64.95,-37.47,4.8,4NGE
PHE,D,123,91,T,Turn,-58.30,-57.49,3.4,4NGE
PHE,D,124,92,T,Turn,-65.05,360.00,37.1,4NGE
MET,D,126,93,T,Turn,360.00,-19.25,5.3,4NGE
LEU,D,127,94,T,Turn,-60.96,-27.18,31.5,4NGE
ASN,D,128,95,T,Turn,-110.66,8.78,25.4,4NGE
ARG,D,129,96,T,Turn,-122.32,15.90,19.3,4NGE
SER,D,130,97,T,Turn,-142.08,165.40,0.0,4NGE
LEU,D,131,98,C,Coil,-115.13,49.75,31.5,4NGE
SER,D,132,99,E,Strand,-72.40,160.71,7.9,4NGE
THR,D,133,100,E,Strand,-103.90,-17.27,37.5,4NGE
PHE,D,134,101,E,Strand,-164.88,140.96,52.8,4NGE
MET,D,135,102,E,Strand,-157.66,106.98,1.7,4NGE
ASN,D,136,103,C,Coil,-161.45,-171.91,6.0,4NGE
ALA,D,137,104,C,Coil,-150.27,145.21,0.2,4NGE
PHE,D,138,105,E,Strand,-133.58,148.83,70.1,4NGE
THR,D,139,106,E,Strand,-122.16,106.82,1.7,4NGE
ALA,D,140,107,T,Turn,-85.07,-170.62,22.3,4NGE
SER,D,141,108,T,Turn,-69.41,-37.40,20.2,4NGE
ASP,D,142,109,T,Turn,-132.91,12.18,0.6,4NGE
TYR,D,143,110,E,Strand,-151.27,154.58,15.2,4NGE
THR,D,144,111,E,Strand,-117.85,137.78,0.0,4NGE
LEU,D,145,112,E,Strand,-128.09,130.81,6.2,4NGE
TYR,D,146,113,E,Strand,-121.37,89.17,0.6,4NGE
PRO,D,147,114,E,Strand,-103.92,149.64,0.2,4NGE
PHE,D,148,115,E,Strand,-145.55,158.20,0.0,4NGE
SER,D,149,116,E,Strand,-143.42,147.86,4.8,4NGE
THR,D,150,117,E,Strand,-157.63,163.44,0.0,4NGE
GLN,D,151,118,C,Coil,-106.87,-4.42,73.1,4NGE
ASN,D,152,119,C,Coil,-103.05,118.44,42.6,4NGE
PRO,D,153,120,H,AlphaHelix,-62.34,-34.14,70.1,4NGE
LYS,D,154,121,H,AlphaHelix,-72.55,-37.22,108.6,4NGE
ASP,D,155,122,H,AlphaHelix,-63.98,-34.90,0.2,4NGE
PHE,D,156,123,H,AlphaHelix,-62.20,-48.09,1.8,4NGE
GLN,D,157,124,H,AlphaHelix,-61.06,-43.15,54.5,4NGE
ASN,D,158,125,H,AlphaHelix,-63.91,-49.62,16.5,4NGE
LEU,D,159,126,H,AlphaHelix,-63.57,-32.70,0.4,4NGE
LEU,D,160,127,H,AlphaHelix,-65.44,-36.82,0.0,4NGE
SER,D,161,128,H,AlphaHelix,-72.01,-36.59,11.6,4NGE
VAL,D,162,129,H,AlphaHelix,-72.26,-36.52,6.2,4NGE
TYR,D,163,130,H,AlphaHelix,-71.10,-46.60,4.2,4NGE
LEU,D,164,131,H,AlphaHelix,-60.03,-41.81,1.6,4NGE
ASP,D,165,132,H,AlphaHelix,-73.82,-34.77,29.6,4NGE
ALA,D,166,133,H,AlphaHelix,-67.96,-43.25,4.6,4NGE
THR,D,167,134,H,AlphaHelix,-75.65,-38.92,0.4,4NGE
PHE,D,168,135,H,AlphaHelix,-99.16,-29.05,9.5,4NGE
PHE,D,169,136,C,Coil,-130.98,60.87,49.2,4NGE
PRO,D,170,137,B,Bridge,-80.65,150.92,14.7,4NGE
CYS,D,171,138,C,Coil,-71.57,-38.03,43.5,4NGE
LEU,D,172,139,C,Coil,53.04,52.40,10.7,4NGE
ARG,D,173,140,C,Coil,-63.91,145.03,77.8,4NGE
GLU,D,174,141,H,AlphaHelix,-61.25,-36.61,91.0,4NGE
LEU,D,175,142,H,AlphaHelix,-79.39,-28.46,30.2,4NGE
ASP,D,176,143,H,AlphaHelix,-64.86,-33.82,6.2,4NGE
PHE,D,177,144,H,AlphaHelix,-68.77,-33.80,5.2,4NGE
TRP,D,178,145,H,AlphaHelix,-70.73,-27.02,45.9,4NGE
GLN,D,179,146,H,AlphaHelix,-84.45,-45.33,2.2,4NGE
GLU,D,180,147,H,AlphaHelix,-88.95,-28.86,0.6,4NGE
GLY,D,181,148,H,AlphaHelix,-92.92,-97.13,0.0,4NGE
TRP,D,182,149,C,Coil,-149.00,152.03,49.6,4NGE
ARG,D,183,150,E,Strand,-156.46,156.87,1.7,4NGE
LEU,D,184,151,E,Strand,-91.14,128.70,23.6,4NGE
GLU,D,185,152,E,Strand,-145.09,143.34,2.7,4NGE
HIS,D,186,153,E,Strand,-72.21,146.94,15.4,4NGE
GLU,D,187,154,T,Turn,-59.61,-33.86,111.1,4NGE
ASN,D,188,155,T,Turn,-122.80,106.97,41.7,4NGE
PRO,D,189,156,T,Turn,-57.71,-7.99,4.5,4NGE
SER,D,190,157,T,Turn,-98.43,-18.26,9.9,4NGE
ASP,D,191,158,T,Turn,-117.03,100.52,50.5,4NGE
PRO,D,192,159,T,Turn,-71.76,13.36,46.1,4NGE
GLN,D,193,160,T,Turn,-100.82,-11.47,157.4,4NGE
THR,D,194,161,T,Turn,-74.81,146.00,29.7,4NGE
PRO,D,195,162,C,Coil,-69.87,155.75,73.6,4NGE
LEU,D,196,163,E,Strand,-86.05,139.70,23.5,4NGE
VAL,D,197,164,E,Strand,-133.35,165.57,37.7,4NGE
PHE,D,198,165,E,Strand,-83.19,134.08,31.3,4NGE
LYS,D,199,166,E,Strand,-140.06,164.72,33.1,4NGE
GLY,D,200,167,C,Coil,154.26,147.83,0.0,4NGE
VAL,D,201,168,H,AlphaHelix,-74.05,-53.88,0.0,4NGE
VAL,D,202,169,H,AlphaHelix,-64.50,-37.66,0.0,4NGE
PHE,D,203,170,H,AlphaHelix,-54.56,-39.67,14.1,4NGE
ASN,D,204,171,H,AlphaHelix,-87.95,-26.88,18.7,4NGE
GLU,D,205,172,H,AlphaHelix,-60.43,-40.31,0.0,4NGE
MET,D,206,173,G,310Helix,-82.90,360.00,5.9,4NGE
GLY,D,208,174,G,310Helix,360.00,-25.32,4.4,4NGE
ALA,D,209,175,G,310Helix,-64.95,-40.12,1.0,4NGE
PHE,D,210,176,G,310Helix,-96.26,17.44,36.6,4NGE
THR,D,211,177,T,Turn,-75.29,-30.59,5.5,4NGE
ASP,D,212,178,T,Turn,-76.49,119.12,9.8,4NGE
ASN,D,213,179,H,AlphaHelix,-71.09,-30.18,36.4,4NGE
GLU,D,214,180,H,AlphaHelix,-62.12,-34.90,56.8,4NGE
ARG,D,215,181,H,AlphaHelix,-76.92,-28.62,75.2,4NGE
ILE,D,216,182,H,AlphaHelix,-66.26,-45.17,3.0,4NGE
PHE,D,217,183,H,AlphaHelix,-64.11,-43.53,0.0,4NGE
SER,D,218,184,H,AlphaHelix,-59.55,-42.94,24.8,4NGE
GLN,D,219,185,H,AlphaHelix,-63.95,-48.79,32.3,4NGE
HIS,D,220,186,H,AlphaHelix,-66.49,-31.05,55.9,4NGE
LEU,D,221,187,H,AlphaHelix,-62.61,-50.38,0.0,4NGE
GLN,D,222,188,H,AlphaHelix,-64.87,-37.92,18.8,4NGE
ASN,D,223,189,H,AlphaHelix,-68.85,-37.52,22.3,4NGE
ARG,D,224,190,H,AlphaHelix,-81.86,-30.52,100.6,4NGE
LEU,D,225,191,H,AlphaHelix,-79.22,-31.38,0.0,4NGE
LEU,D,226,192,C,Coil,-127.27,69.91,0.2,4NGE
PRO,D,227,193,C,Coil,-88.44,5.24,39.4,4NGE
ASP,D,228,194,C,Coil,-84.51,-41.62,85.6,4NGE
HIS,D,229,195,T,Turn,-136.58,-159.25,54.9,4NGE
THR,D,230,196,T,Turn,-45.88,-17.37,1.9,4NGE
TYR,D,231,197,T,Turn,-81.54,-4.83,3.8,4NGE
SER,D,232,198,T,Turn,-86.36,-6.49,44.1,4NGE
VAL,D,233,199,T,Turn,-116.67,169.30,14.6,4NGE
VAL,D,234,200,T,Turn,-91.64,98.82,8.8,4NGE
SER,D,235,201,T,Turn,-63.97,-31.36,9.2,4NGE
GLY,D,236,202,T,Turn,-79.70,-25.64,3.2,4NGE
GLY,D,237,203,T,Turn,118.36,120.89,0.0,4NGE
ASP,D,238,204,T,Turn,-85.41,116.54,54.5,4NGE
PRO,D,239,205,T,Turn,-44.48,-25.48,29.3,4NGE
LEU,D,240,206,T,Turn,-88.32,-17.63,33.0,4NGE
CYS,D,241,207,T,Turn,-108.53,-10.55,47.5,4NGE
ILE,D,242,208,G,310Helix,-59.58,-46.07,0.0,4NGE
PRO,D,243,209,G,310Helix,-70.21,-0.27,25.8,4NGE
GLU,D,244,210,G,310Helix,-82.75,-4.83,130.1,4NGE
LEU,D,245,211,C,Coil,-82.84,125.45,1.4,4NGE
THR,D,246,212,C,Coil,-99.80,164.36,64.3,4NGE
TRP,D,247,213,H,AlphaHelix,-62.99,-38.69,78.1,4NGE
GLU,D,248,214,H,AlphaHelix,-68.57,-35.71,111.0,4NGE
GLN,D,249,215,H,AlphaHelix,-63.29,-33.44,82.2,4NGE
LEU,D,250,216,H,AlphaHelix,-69.99,-44.43,0.0,4NGE
LYS,D,251,217,H,AlphaHelix,-67.65,-36.86,67.6,4NGE
GLN,D,252,218,H,AlphaHelix,-67.26,-42.62,111.3,4NGE
PHE,D,253,219,H,AlphaHelix,-60.47,-37.61,18.5,4NGE
HIS,D,254,220,H,AlphaHelix,-69.15,-42.56,20.7,4NGE
ALA,D,255,221,H,AlphaHelix,-66.42,-23.47,70.7,4NGE
THR,D,256,222,H,AlphaHelix,-87.89,-32.04,41.9,4NGE
HIS,D,257,223,H,AlphaHelix,-114.66,-21.06,9.8,4NGE
TYR,D,258,224,H,AlphaHelix,-101.22,43.34,6.1,4NGE
HIS,D,259,225,C,Coil,-101.13,134.62,24.1,4NGE
PRO,D,260,226,G,310Helix,-52.64,-23.66,0.0,4NGE
SER,D,261,227,G,310Helix,-70.60,-14.30,15.9,4NGE
ASN,D,262,228,G,310Helix,-108.65,22.51,0.6,4NGE
ALA,D,263,229,E,Strand,-123.04,153.96,0.5,4NGE
ARG,D,264,230,E,Strand,-122.63,121.53,0.9,4NGE
PHE,D,265,231,E,Strand,-101.03,139.62,0.0,4NGE
PHE,D,266,232,E,Strand,-141.51,133.64,0.4,4NGE
THR,D,267,233,E,Strand,-135.03,151.84,0.0,4NGE
TYR,D,268,234,E,Strand,-141.23,136.28,0.6,4NGE
GLY,D,269,235,E,Strand,131.86,-162.32,0.0,4NGE
ASN,D,270,236,C,Coil,-97.03,-12.27,36.4,4NGE
PHE,D,271,237,C,Coil,-63.86,138.52,21.6,4NGE
PRO,D,272,238,C,Coil,-52.57,130.85,68.1,4NGE
LEU,D,273,239,H,AlphaHelix,-64.34,-35.03,0.2,4NGE
GLU,D,274,240,H,AlphaHelix,-57.55,-41.86,67.3,4NGE
GLN,D,275,241,H,AlphaHelix,-62.25,-40.44,64.5,4NGE
HIS,D,276,242,H,AlphaHelix,-64.61,-49.81,3.2,4NGE
LEU,D,277,243,H,AlphaHelix,-62.16,-42.04,0.0,4NGE
LYS,D,278,244,H,AlphaHelix,-64.12,-38.54,74.8,4NGE
GLN,D,279,245,H,AlphaHelix,-69.45,-45.15,9.7,4NGE
ILE,D,280,246,H,AlphaHelix,-62.95,-41.45,0.0,4NGE
HIS,D,281,247,H,AlphaHelix,-71.48,-49.21,36.3,4NGE
GLU,D,282,248,H,AlphaHelix,-78.02,-14.74,99.4,4NGE
GLU,D,283,249,H,AlphaHelix,-104.11,-23.82,79.1,4NGE
ALA,D,284,250,H,AlphaHelix,-138.77,-62.90,5.0,4NGE
LEU,D,285,251,C,Coil,-66.77,-26.17,0.0,4NGE
SER,D,286,252,C,Coil,-68.69,360.00,78.5,4NGE
PHE,D,288,253,C,Coil,360.00,164.63,69.6,4NGE
GLN,D,289,254,C,Coil,-128.66,360.00,136.1,4NGE
ILE,D,291,255,C,Coil,360.00,169.39,110.6,4NGE
GLU,D,292,256,C,Coil,-113.15,101.23,180.1,4NGE
PRO,D,293,257,C,Coil,-59.06,134.24,18.6,4NGE
SER,D,294,258,C,Coil,-83.29,58.06,108.1,4NGE
THR,D,295,259,C,Coil,-131.68,10.48,0.2,4NGE
VAL,D,296,260,C,Coil,-71.97,132.60,86.4,4NGE
VAL,D,297,261,C,Coil,-92.87,114.31,3.6,4NGE
PRO,D,298,262,C,Coil,-67.22,163.03,59.1,4NGE
ALA,D,299,263,C,Coil,-72.98,137.12,58.0,4NGE
GLN,D,300,264,C,Coil,-65.96,125.15,12.8,4NGE
THR,D,301,265,C,Coil,-73.60,116.32,91.2,4NGE
PRO,D,302,266,C,Coil,-62.13,138.38,94.7,4NGE
TRP,D,303,267,T,Turn,-71.05,153.93,19.1,4NGE
ASP,D,304,268,T,Turn,-93.68,-22.02,144.4,4NGE
LYS,D,305,269,T,Turn,-147.04,139.00,146.6,4NGE
PRO,D,306,270,T,Turn,-61.64,162.16,44.0,4NGE
ARG,D,307,271,E,Strand,-127.47,156.80,100.2,4NGE
GLU,D,308,272,E,Strand,-128.42,137.27,118.2,4NGE
PHE,D,309,273,E,Strand,-135.36,151.16,52.2,4NGE
GLN,D,310,274,E,Strand,-126.32,130.00,157.4,4NGE
ILE,D,311,275,E,Strand,-129.54,176.57,18.5,4NGE
THR,D,312,276,E,Strand,-127.13,156.83,68.2,4NGE
CYS,D,313,277,E,Strand,-140.81,-168.48,5.8,4NGE
GLY,D,314,278,C,Coil,-86.80,160.24,2.9,4NGE
PRO,D,315,279,C,Coil,-72.52,-177.19,16.6,4NGE
ASP,D,316,280,C,Coil,50.79,360.00,136.5,4NGE
PRO,D,322,281,C,Coil,360.00,71.64,161.5,4NGE
SER,D,323,282,C,Coil,-134.74,71.98,44.1,4NGE
LYS,D,324,283,C,Coil,-85.42,61.39,104.5,4NGE
GLN,D,325,284,C,Coil,-145.61,44.23,54.2,4NGE
THR,D,326,285,E,Strand,-91.88,138.99,2.0,4NGE
THR,D,327,286,E,Strand,-113.31,134.09,11.6,4NGE
VAL,D,328,287,E,Strand,-136.77,145.71,1.8,4NGE
SER,D,329,288,E,Strand,-147.77,157.42,0.6,4NGE
VAL,D,330,289,E,Strand,-128.93,127.70,5.0,4NGE
SER,D,331,290,E,Strand,-126.40,147.23,0.0,4NGE
PHE,D,332,291,E,Strand,-122.74,140.38,1.2,4NGE
LEU,D,333,292,E,Strand,-82.42,135.47,15.7,4NGE
LEU,D,334,293,E,Strand,-113.93,170.65,8.7,4NGE
PRO,D,335,294,E,Strand,-70.66,177.65,41.6,4NGE
ASP,D,336,295,E,Strand,-59.66,139.36,40.6,4NGE
ILE,D,337,296,T,Turn,-72.60,-7.13,9.4,4NGE
THR,D,338,297,T,Turn,-73.50,-22.41,50.9,4NGE
ASP,D,339,298,T,Turn,-77.56,82.19,90.4,4NGE
THR,D,340,299,H,AlphaHelix,-58.93,-43.70,23.8,4NGE
PHE,D,341,300,H,AlphaHelix,-70.16,-39.80,30.0,4NGE
GLU,D,342,301,H,AlphaHelix,-69.49,-28.83,43.9,4NGE
ALA,D,343,302,H,AlphaHelix,-71.30,-43.67,12.2,4NGE
PHE,D,344,303,H,AlphaHelix,-61.37,-35.31,18.6,4NGE
THR,D,345,304,H,AlphaHelix,-66.58,-52.14,5.0,4NGE
LEU,D,346,305,H,AlphaHelix,-68.15,-26.74,10.5,4NGE
SER,D,347,306,H,AlphaHelix,-68.59,-43.56,43.8,4NGE
LEU,D,348,307,H,AlphaHelix,-65.72,-44.04,7.2,4NGE
LEU,D,349,308,H,AlphaHelix,-58.98,-34.85,7.4,4NGE
SER,D,350,309,H,AlphaHelix,-69.95,-31.31,4.8,4NGE
SER,D,351,310,H,AlphaHelix,-74.39,-40.19,37.5,4NGE
LEU,D,352,311,H,AlphaHelix,-58.85,-29.75,1.8,4NGE
LEU,D,353,312,H,AlphaHelix,-85.03,-27.46,4.6,4NGE
THR,D,354,313,H,AlphaHelix,-130.15,-17.58,16.7,4NGE
SER,D,355,314,C,Coil,-88.70,119.65,37.8,4NGE
GLY,D,356,315,T,Turn,90.89,161.89,17.2,4NGE
PRO,D,357,316,T,Turn,-73.45,-2.86,22.0,4NGE
ASN,D,358,317,T,Turn,-99.04,-1.96,36.6,4NGE
SER,D,359,318,T,Turn,-77.31,145.95,5.6,4NGE
PRO,D,360,319,C,Coil,-51.76,-49.04,32.3,4NGE
PHE,D,361,320,H,AlphaHelix,-73.00,-24.58,1.6,4NGE
TYR,D,362,321,H,AlphaHelix,-68.33,360.00,22.6,4NGE
ALA,D,364,322,H,AlphaHelix,360.00,-38.73,42.2,4NGE
LEU,D,365,323,H,AlphaHelix,-102.79,-51.62,0.0,4NGE
ILE,D,366,324,H,AlphaHelix,-67.04,-48.65,7.0,4NGE
GLU,D,367,325,H,AlphaHelix,-78.62,3.14,44.7,4NGE
SER,D,368,326,C,Coil,-82.92,-18.95,48.1,4NGE
GLY,D,369,327,C,Coil,68.88,25.74,54.5,4NGE
LEU,D,370,328,C,Coil,-86.72,-31.24,27.2,4NGE
GLY,D,371,329,C,Coil,-128.54,-162.89,14.9,4NGE
THR,D,372,330,C,Coil,-117.48,-26.49,39.8,4NGE
ASP,D,373,331,E,Strand,-167.23,169.96,14.8,4NGE
PHE,D,374,332,E,Strand,-60.77,153.11,21.9,4NGE
SER,D,375,333,T,Turn,-67.69,165.73,3.2,4NGE
PRO,D,376,334,T,Turn,-66.94,152.67,9.9,4NGE
ASP,D,377,335,T,Turn,56.52,41.27,60.5,4NGE
VAL,D,378,336,T,Turn,-72.07,139.13,50.6,4NGE
GLY,D,379,337,E,Strand,99.57,-149.58,3.1,4NGE
TYR,D,380,338,E,Strand,-86.04,128.01,54.9,4NGE
ASN,D,381,339,E,Strand,-117.15,104.34,16.9,4NGE
GLY,D,382,340,C,Coil,-114.02,37.42,21.8,4NGE
TYR,D,383,341,C,Coil,-92.12,-30.72,145.3,4NGE
THR,D,384,342,T,Turn,-85.23,171.64,0.4,4NGE
ARG,D,385,343,T,Turn,-62.85,-57.83,53.3,4NGE
GLU,D,386,344,E,Strand,-84.70,119.99,8.0,4NGE
ALA,D,387,345,E,Strand,-70.16,166.24,0.0,4NGE
TYR,D,388,346,E,Strand,-149.47,153.81,6.2,4NGE
PHE,D,389,347,E,Strand,-108.71,141.60,2.0,4NGE
SER,D,390,348,E,Strand,-135.91,145.46,0.0,4NGE
VAL,D,391,349,E,Strand,-152.27,150.86,0.0,4NGE
GLY,D,392,350,E,Strand,167.07,-171.50,0.0,4NGE
LEU,D,393,351,E,Strand,-128.33,155.55,0.2,4NGE
GLN,D,394,352,E,Strand,-123.89,153.86,9.4,4NGE
GLY,D,395,353,E,Strand,85.15,28.19,1.5,4NGE
ILE,D,396,354,E,Strand,-102.61,156.61,0.0,4NGE
VAL,D,397,355,C,Coil,-84.01,140.15,47.1,4NGE
GLU,D,398,356,G,310Helix,-57.53,-23.19,95.1,4NGE
LYS,D,399,357,G,310Helix,-67.91,-20.88,166.5,4NGE
ASP,D,400,358,G,310Helix,-99.28,10.07,30.3,4NGE
ILE,D,401,359,H,AlphaHelix,-63.34,-46.00,14.4,4NGE
GLU,D,402,360,H,AlphaHelix,-68.25,-34.61,123.3,4NGE
THR,D,403,361,H,AlphaHelix,-58.26,-47.21,66.5,4NGE
VAL,D,404,362,H,AlphaHelix,-60.28,-47.85,0.8,4NGE
ARG,D,405,363,H,AlphaHelix,-60.54,-36.87,42.3,4NGE
SER,D,406,364,H,AlphaHelix,-69.81,-40.18,51.7,4NGE
LEU,D,407,365,H,AlphaHelix,-60.61,-43.93,43.7,4NGE
ILE,D,408,366,H,AlphaHelix,-59.75,-41.68,1.6,4NGE
ASP,D,409,367,H,AlphaHelix,-62.04,-47.81,70.2,4NGE
ARG,D,410,368,H,AlphaHelix,-65.61,-38.12,172.6,4NGE
THR,D,411,369,H,AlphaHelix,-63.90,-41.90,9.9,4NGE
ILE,D,412,370,H,AlphaHelix,-61.77,-41.86,7.9,4NGE
ASP,D,413,371,H,AlphaHelix,-62.98,-39.16,61.3,4NGE
GLU,D,414,372,H,AlphaHelix,-67.99,-38.96,95.0,4NGE
VAL,D,415,373,H,AlphaHelix,-67.41,-40.14,4.5,4NGE
VAL,D,416,374,H,AlphaHelix,-59.09,-37.93,18.1,4NGE
GLU,D,417,375,H,AlphaHelix,-86.97,-25.79,137.5,4NGE
LYS,D,418,376,H,AlphaHelix,-120.14,-23.53,151.0,4NGE
GLY,D,419,377,C,Coil,75.65,-158.19,18.5,4NGE
PHE,D,420,378,C,Coil,-112.18,154.26,29.9,4NGE
GLU,D,421,379,C,Coil,-69.41,147.24,117.9,4NGE
ASP,D,422,380,H,AlphaHelix,-75.39,-32.60,132.1,4NGE
ASP,D,423,381,H,AlphaHelix,-74.22,-21.31,68.7,4NGE
ARG,D,424,382,H,AlphaHelix,-77.73,-32.97,15.3,4NGE
ILE,D,425,383,H,AlphaHelix,-65.31,-38.28,10.2,4NGE
GLU,D,426,384,H,AlphaHelix,-66.53,-37.52,83.4,4NGE
ALA,D,427,385,H,AlphaHelix,-61.86,-42.18,4.2,4NGE
LEU,D,428,386,H,AlphaHelix,-64.72,-45.25,14.9,4NGE
LEU,D,429,387,H,AlphaHelix,-65.77,-30.15,8.5,4NGE
HIS,D,430,388,H,AlphaHelix,-70.92,-39.80,10.8,4NGE
LYS,D,431,389,H,AlphaHelix,-59.49,-42.91,88.9,4NGE
ILE,D,432,390,H,AlphaHelix,-65.16,-38.77,20.4,4NGE
GLU,D,433,391,H,AlphaHelix,-58.83,-38.22,41.1,4NGE
ILE,D,434,392,H,AlphaHelix,-68.57,-41.96,12.2,4NGE
GLN,D,435,393,H,AlphaHelix,-63.72,-29.77,122.3,4NGE
MET,D,436,394,H,AlphaHelix,-77.81,-36.84,33.4,4NGE
LYS,D,437,395,H,AlphaHelix,-88.47,-20.55,68.0,4NGE
HIS,D,438,396,C,Coil,-66.45,141.64,61.2,4NGE
GLN,D,439,397,C,Coil,-107.16,106.14,33.9,4NGE
SER,D,440,398,T,Turn,-98.92,169.80,29.9,4NGE
THR,D,441,399,T,Turn,-93.41,-14.79,45.2,4NGE
SER,D,442,400,T,Turn,-117.31,48.67,45.6,4NGE
PHE,D,443,401,H,AlphaHelix,-63.64,-45.67,21.0,4NGE
GLY,D,444,402,H,AlphaHelix,-59.61,-33.84,2.3,4NGE
LEU,D,445,403,H,AlphaHelix,-72.89,-38.58,32.1,4NGE
MET,D,446,404,H,AlphaHelix,-67.43,-39.13,88.5,4NGE
LEU,D,447,405,H,AlphaHelix,-68.16,-44.88,12.0,4NGE
THR,D,448,406,H,AlphaHelix,-69.47,-30.18,0.2,4NGE
SER,D,449,407,H,AlphaHelix,-75.58,-28.72,49.9,4NGE
TYR,D,450,408,H,AlphaHelix,-82.89,-20.72,114.0,4NGE
ILE,D,451,409,H,AlphaHelix,-104.05,-9.97,0.8,4NGE
ALA,D,452,410,H,AlphaHelix,-54.86,-48.86,0.0,4NGE
SER,D,453,411,H,AlphaHelix,-65.11,-45.58,11.0,4NGE
CYS,D,454,412,H,AlphaHelix,-65.83,-43.39,5.0,4NGE
TRP,D,455,413,H,AlphaHelix,-66.50,-32.64,10.4,4NGE
ASN,D,456,414,H,AlphaHelix,-60.96,-30.33,0.2,4NGE
HIS,D,457,415,H,AlphaHelix,-111.29,37.23,16.4,4NGE
ASP,D,458,416,C,Coil,61.69,38.95,94.5,4NGE
GLY,D,459,417,C,Coil,-93.07,170.91,12.3,4NGE
ASP,D,460,418,C,Coil,-93.85,107.17,43.7,4NGE
PRO,D,461,419,G,310Helix,-67.51,-20.30,4.8,4NGE
VAL,D,462,420,G,310Helix,-73.54,-32.61,0.2,4NGE
GLU,D,463,421,G,310Helix,-66.90,-23.94,61.8,4NGE
LEU,D,464,422,G,310Helix,-77.05,-16.11,16.5,4NGE
LEU,D,465,423,T,Turn,-89.30,-20.30,2.0,4NGE
LYS,D,466,424,T,Turn,-82.35,67.44,46.1,4NGE
LEU,D,467,425,H,AlphaHelix,-69.87,-31.03,25.7,4NGE
GLY,D,468,426,H,AlphaHelix,-60.95,-39.35,31.6,4NGE
ASN,D,469,427,H,AlphaHelix,-70.36,-43.92,111.8,4NGE
GLN,D,470,428,H,AlphaHelix,-66.13,-41.42,11.3,4NGE
LEU,D,471,429,H,AlphaHelix,-61.55,-46.71,24.0,4NGE
ALA,D,472,430,H,AlphaHelix,-59.53,-49.08,55.4,4NGE
LYS,D,473,431,H,AlphaHelix,-66.24,-34.35,109.8,4NGE
PHE,D,474,432,H,AlphaHelix,-64.57,-44.45,0.0,4NGE
ARG,D,475,433,H,AlphaHelix,-63.10,-43.06,96.2,4NGE
GLN,D,476,434,H,AlphaHelix,-65.55,-38.30,102.0,4NGE
CYS,D,477,435,H,AlphaHelix,-65.68,-22.36,24.1,4NGE
LEU,D,478,436,H,AlphaHelix,-86.69,-41.91,40.5,4NGE
GLN,D,479,437,H,AlphaHelix,-68.94,-24.42,158.9,4NGE
GLU,D,480,438,H,AlphaHelix,-88.39,-33.67,138.3,4NGE
ASN,D,481,439,T,Turn,-131.35,107.02,50.7,4NGE
PRO,D,482,440,T,Turn,-69.64,-15.31,112.5,4NGE
LYS,D,483,441,T,Turn,-111.04,19.75,127.5,4NGE
PHE,D,484,442,G,310Helix,-56.71,-51.34,46.6,4NGE
LEU,D,485,443,G,310Helix,-74.29,-27.23,13.0,4NGE
GLN,D,486,444,G,310Helix,-70.96,-32.91,38.9,4NGE
GLU,D,487,445,C,Coil,-74.80,360.00,102.4,4NGE
VAL,D,489,446,H,AlphaHelix,360.00,-37.47,5.0,4NGE
LYS,D,490,447,H,AlphaHelix,-64.07,-44.46,105.4,4NGE
GLN,D,491,448,H,AlphaHelix,-67.06,-43.79,112.7,4NGE
TYR,D,492,449,H,AlphaHelix,-103.86,-2.61,36.1,4NGE
PHE,D,493,450,H,AlphaHelix,-126.14,-45.53,12.8,4NGE
LYS,D,494,451,H,AlphaHelix,-84.24,-30.11,91.5,4NGE
ASN,D,495,452,C,Coil,-110.48,-3.60,94.2,4NGE
ASN,D,496,453,T,Turn,-77.85,113.75,35.1,4NGE
GLN,D,497,454,T,Turn,-81.29,-7.93,80.5,4NGE
HIS,D,498,455,T,Turn,-86.67,65.55,0.6,4NGE
LYS,D,499,456,E,Strand,-106.79,141.04,40.1,4NGE
LEU,D,500,457,E,Strand,-126.71,123.62,0.0,4NGE
THR,D,501,458,E,Strand,-105.15,120.99,5.5,4NGE
LEU,D,502,459,E,Strand,-125.25,125.66,0.0,4NGE
SER,D,503,460,E,Strand,-119.84,147.30,24.2,4NGE
MET,D,504,461,E,Strand,-133.28,130.14,6.7,4NGE
ARG,D,505,462,E,Strand,-126.89,134.09,96.4,4NGE
PRO,D,506,463,E,Strand,-78.40,151.48,20.3,4NGE
ASP,D,507,464,C,Coil,-116.35,127.00,42.4,4NGE
ASP,D,508,465,C,Coil,-68.83,-13.11,119.9,4NGE
LYS,D,509,466,H,AlphaHelix,-116.80,19.93,134.1,4NGE
TYR,D,510,467,H,AlphaHelix,-54.87,-53.45,35.0,4NGE
HIS,D,511,468,H,AlphaHelix,-75.27,-29.67,26.7,4NGE
GLU,D,512,469,H,AlphaHelix,-75.13,-35.48,91.0,4NGE
LYS,D,513,470,H,AlphaHelix,-54.76,-41.67,79.4,4NGE
GLN,D,514,471,H,AlphaHelix,-68.53,-43.56,58.5,4NGE
ALA,D,515,472,H,AlphaHelix,-63.36,-40.74,51.1,4NGE
GLN,D,516,473,H,AlphaHelix,-57.01,-45.51,129.5,4NGE
VAL,D,517,474,H,AlphaHelix,-64.17,-38.71,56.0,4NGE
GLU,D,518,475,H,AlphaHelix,-63.01,-44.75,71.2,4NGE
ALA,D,519,476,H,AlphaHelix,-64.62,-31.82,56.9,4NGE
THR,D,520,477,H,AlphaHelix,-77.14,-45.60,67.3,4NGE
LYS,D,521,478,H,AlphaHelix,-61.90,-35.51,87.2,4NGE
LEU,D,522,479,H,AlphaHelix,-64.33,-53.47,32.9,4NGE
LYS,D,523,480,H,AlphaHelix,-59.80,-36.98,114.7,4NGE
GLN,D,524,481,G,310Helix,-60.44,360.00,127.4,4NGE
VAL,D,526,482,G,310Helix,360.00,-41.15,62.3,4NGE
GLU,D,527,483,G,310Helix,-61.34,-33.49,147.3,4NGE
ALA,D,528,484,G,310Helix,-79.52,-1.17,86.5,4NGE
LEU,D,529,485,C,Coil,-78.60,130.29,38.8,4NGE
SER,D,530,486,C,Coil,-85.15,160.49,51.3,4NGE
PRO,D,531,487,H,AlphaHelix,-54.80,-35.48,79.1,4NGE
GLY,D,532,488,H,AlphaHelix,-67.20,-39.99,47.4,4NGE
ASP,D,533,489,H,AlphaHelix,-65.25,-44.75,74.8,4NGE
ARG,D,534,490,H,AlphaHelix,-71.14,-30.58,123.1,4NGE
GLN,D,535,491,H,AlphaHelix,-71.18,-39.38,94.8,4NGE
GLN,D,536,492,H,AlphaHelix,-64.91,-34.83,140.4,4NGE
ILE,D,537,493,H,AlphaHelix,-63.12,-41.45,18.0,4NGE
TYR,D,538,494,H,AlphaHelix,-63.22,-48.27,30.5,4NGE
GLU,D,539,495,H,AlphaHelix,-69.17,360.00,122.5,4NGE
GLY,D,541,496,H,AlphaHelix,360.00,-36.55,6.3,4NGE
LEU,D,542,497,H,AlphaHelix,-73.89,-31.72,6.4,4NGE
GLU,D,543,498,H,AlphaHelix,-72.77,-38.41,101.6,4NGE
LEU,D,544,499,H,AlphaHelix,-64.44,-43.54,0.4,4NGE
ARG,D,545,500,H,AlphaHelix,-60.19,-37.12,59.5,4NGE
SER,D,546,501,H,AlphaHelix,-65.33,-48.31,6.6,4NGE
GLN,D,547,502,H,AlphaHelix,-57.83,-39.93,50.7,4NGE
GLN,D,548,503,H,AlphaHelix,-72.53,-15.61,12.1,4NGE
SER,D,549,504,C,Coil,-103.88,-44.02,17.7,4NGE
LYS,D,550,505,C,Coil,-65.12,117.78,47.3,4NGE
PRO,D,551,506,C,Coil,-66.01,120.16,80.3,4NGE
GLN,D,552,507,C,Coil,-113.82,174.12,91.5,4NGE
ASP,D,553,508,C,Coil,-91.68,135.55,116.4,4NGE
ALA,D,554,509,C,Coil,-125.82,29.65,37.7,4NGE
SER,D,555,510,C,Coil,-78.86,360.00,105.3,4NGE
LEU,D,557,511,C,Coil,360.00,142.21,29.5,4NGE
PRO,D,558,512,C,Coil,-70.28,155.24,24.3,4NGE
ALA,D,559,513,C,Coil,-156.81,149.88,43.9,4NGE
LEU,D,560,514,C,Coil,-90.47,173.53,13.5,4NGE
LYS,D,561,515,C,Coil,-119.54,161.30,142.3,4NGE
VAL,D,562,516,G,310Helix,-61.74,-27.43,36.7,4NGE
SER,D,563,517,G,310Helix,-65.13,-15.93,95.3,4NGE
ASP,D,564,518,G,310Helix,-89.43,-1.29,69.1,4NGE
ILE,D,565,519,C,Coil,-91.82,133.33,13.4,4NGE
GLU,D,566,520,C,Coil,-60.15,131.96,132.7,4NGE
PRO,D,567,521,C,Coil,-69.57,-36.89,78.6,4NGE
THR,D,568,522,C,Coil,-126.23,155.39,85.0,4NGE
ILE,D,569,523,C,Coil,-91.50,151.18,44.3,4NGE
PRO,D,570,524,C,Coil,-67.40,128.29,114.9,4NGE
VAL,D,571,525,C,Coil,-68.93,135.54,103.1,4NGE
THR,D,572,526,C,Coil,-96.78,124.57,52.8,4NGE
GLU,D,573,527,C,Coil,-89.83,129.89,158.3,4NGE
LEU,D,574,528,C,Coil,-128.47,161.18,56.1,4NGE
ASP,D,575,529,E,Strand,-138.90,117.65,96.9,4NGE
VAL,D,576,530,E,Strand,-103.24,124.10,61.6,4NGE
VAL,D,577,531,E,Strand,-122.45,123.84,39.4,4NGE
LEU,D,578,532,E,Strand,-67.64,128.86,108.4,4NGE
THR,D,579,533,E,Strand,-133.84,142.02,8.6,4NGE
ALA,D,580,534,T,Turn,55.42,56.93,10.7,4NGE
GLY,D,581,535,T,Turn,90.18,-71.58,67.9,4NGE
ASP,D,582,536,T,Turn,-150.08,17.08,93.7,4NGE
ILE,D,583,537,E,Strand,-82.85,117.98,2.6,4NGE
PRO,D,584,538,E,Strand,-74.04,134.23,22.8,4NGE
VAL,D,585,539,E,Strand,-127.52,131.08,0.4,4NGE
GLN,D,586,540,E,Strand,-100.22,120.43,8.1,4NGE
TYR,D,587,541,E,Strand,-109.10,125.16,16.1,4NGE
CYS,D,588,542,E,Strand,-127.92,107.11,1.0,4NGE
ALA,D,589,543,E,Strand,-70.89,123.81,50.5,4NGE
GLN,D,590,544,T,Turn,-146.36,150.23,54.6,4NGE
PRO,D,591,545,T,Turn,-73.55,74.79,91.8,4NGE
THR,D,592,546,T,Turn,-88.24,-0.72,0.8,4NGE
ASN,D,593,547,T,Turn,59.27,56.04,49.1,4NGE
GLY,D,594,548,T,Turn,72.95,23.80,15.6,4NGE
MET,D,595,549,E,Strand,-117.11,142.20,0.0,4NGE
VAL,D,596,550,E,Strand,-119.63,129.63,1.8,4NGE
TYR,D,597,551,E,Strand,-116.76,118.41,11.0,4NGE
PHE,D,598,552,E,Strand,-114.74,133.17,3.0,4NGE
ARG,D,599,553,E,Strand,-134.53,148.25,20.0,4NGE
ALA,D,600,554,E,Strand,-141.92,141.23,0.6,4NGE
PHE,D,601,555,E,Strand,-126.40,116.26,1.3,4NGE
SER,D,602,556,E,Strand,-114.11,128.01,0.6,4NGE
SER,D,603,557,E,Strand,-63.27,165.67,10.5,4NGE
LEU,D,604,558,T,Turn,-119.72,17.66,1.7,4NGE
ASN,D,605,559,T,Turn,-68.74,-24.82,6.7,4NGE
THR,D,606,560,T,Turn,-91.24,-10.07,10.8,4NGE
LEU,D,607,561,T,Turn,-75.54,131.41,5.5,4NGE
PRO,D,608,562,C,Coil,-61.02,138.67,32.5,4NGE
GLU,D,609,563,G,310Helix,-65.62,-20.69,72.6,4NGE
GLU,D,610,564,G,310Helix,-64.11,-28.55,145.0,4NGE
LEU,D,611,565,G,310Helix,-93.15,-4.63,21.2,4NGE
ARG,D,612,566,G,310Helix,-60.89,-41.43,27.7,4NGE
PRO,D,613,567,G,310Helix,-66.10,-13.07,39.1,4NGE
TYR,D,614,568,G,310Helix,-99.85,2.20,72.4,4NGE
VAL,D,615,569,H,AlphaHelix,-69.72,-40.82,0.0,4NGE
PRO,D,616,570,H,AlphaHelix,-60.44,-41.03,15.4,4NGE
LEU,D,617,571,H,AlphaHelix,-59.28,-46.84,0.8,4NGE
PHE,D,618,572,H,AlphaHelix,-55.40,-48.08,0.8,4NGE
CYS,D,619,573,H,AlphaHelix,-66.59,-29.32,3.4,4NGE
SER,D,620,574,H,AlphaHelix,-81.95,-14.48,53.6,4NGE
VAL,D,621,575,H,AlphaHelix,-117.24,-13.17,1.0,4NGE
LEU,D,622,576,H,AlphaHelix,-51.09,-37.56,1.1,4NGE
THR,D,623,577,C,Coil,-102.81,360.00,39.3,4NGE
LEU,D,625,578,C,Coil,360.00,-5.70,6.4,4NGE
GLY,D,626,579,C,Coil,106.50,152.29,0.5,4NGE
CYS,D,627,580,B,Bridge,-141.51,126.66,0.8,4NGE
GLY,D,628,581,T,Turn,63.48,-115.81,29.2,4NGE
LEU,D,629,582,T,Turn,-94.87,5.80,165.4,4NGE
LEU,D,630,583,B,Bridge,-101.06,117.12,48.9,4NGE
ASP,D,631,584,C,Coil,-70.43,173.10,74.5,4NGE
TYR,D,632,585,H,AlphaHelix,-61.62,-27.36,17.7,4NGE
ARG,D,633,586,H,AlphaHelix,-71.47,-45.09,107.3,4NGE
GLU,D,634,587,H,AlphaHelix,-66.50,-41.40,102.5,4NGE
GLN,D,635,588,H,AlphaHelix,-62.73,-40.32,3.8,4NGE
ALA,D,636,589,H,AlphaHelix,-66.11,-37.10,16.3,4NGE
GLN,D,637,590,H,AlphaHelix,-64.80,-40.96,13.6,4NGE
GLN,D,638,591,H,AlphaHelix,-67.00,-43.20,84.1,4NGE
ILE,D,639,592,H,AlphaHelix,-64.74,-42.09,19.5,4NGE
GLU,D,640,593,H,AlphaHelix,-74.04,-24.28,55.6,4NGE
LEU,D,641,594,H,AlphaHelix,-95.68,360.00,63.3,4NGE
THR,D,643,595,C,Coil,360.00,176.87,10.2,4NGE
GLY,D,644,596,C,Coil,-101.37,1.26,39.9,4NGE
GLY,D,645,597,E,Strand,141.82,140.72,27.8,4NGE
MET,D,646,598,E,Strand,-130.34,121.02,13.4,4NGE
SER,D,647,599,E,Strand,-138.31,157.88,63.6,4NGE
ALA,D,648,600,E,Strand,-130.72,141.35,10.5,4NGE
SER,D,649,601,E,Strand,-150.54,140.80,41.1,4NGE
PRO,D,650,602,E,Strand,-79.07,141.02,25.4,4NGE
HIS,D,651,603,E,Strand,-135.62,142.43,54.2,4NGE
VAL,D,652,604,E,Strand,-115.33,112.05,11.5,4NGE
LEU,D,653,605,E,Strand,-108.19,107.47,6.1,4NGE
PRO,D,654,606,E,Strand,-68.27,147.25,22.9,4NGE
ASP,D,655,607,T,Turn,-71.04,158.68,13.1,4NGE
ASP,D,656,608,T,Turn,-94.55,-5.44,13.0,4NGE
SER,D,657,609,T,Turn,-138.02,7.68,66.8,4NGE
HIS,D,658,610,T,Turn,-152.42,117.94,66.8,4NGE
MET,D,659,611,T,Turn,-59.76,-31.51,23.2,4NGE
ASP,D,660,612,T,Turn,-106.89,32.15,15.8,4NGE
THR,D,661,613,E,Strand,-131.82,135.90,3.1,4NGE
TYR,D,662,614,E,Strand,-154.01,163.37,2.6,4NGE
GLU,D,663,615,E,Strand,-113.71,126.14,10.4,4NGE
GLN,D,664,616,E,Strand,-114.61,135.21,10.0,4NGE
GLY,D,665,617,E,Strand,-175.87,-174.81,0.0,4NGE
VAL,D,666,618,E,Strand,-120.44,131.94,0.0,4NGE
LEU,D,667,619,E,Strand,-100.40,114.86,16.4,4NGE
PHE,D,668,620,E,Strand,-92.80,129.90,0.4,4NGE
SER,D,669,621,E,Strand,-134.95,137.48,31.9,4NGE
SER,D,670,622,E,Strand,-149.21,164.35,1.2,4NGE
LEU,D,671,623,E,Strand,-152.03,143.31,37.7,4NGE
CYS,D,672,624,E,Strand,-157.12,162.66,0.0,4NGE
LEU,D,673,625,E,Strand,-68.43,157.04,1.6,4NGE
ASP,D,674,626,G,310Helix,-51.12,-41.16,40.1,4NGE
ARG,D,675,627,G,310Helix,-76.56,-22.58,140.8,4NGE
ASN,D,676,628,G,310Helix,-99.72,14.20,34.6,4NGE
LEU,D,677,629,H,AlphaHelix,-58.34,-48.44,3.8,4NGE
PRO,D,678,630,H,AlphaHelix,-64.86,-33.16,65.4,4NGE
ASP,D,679,631,H,AlphaHelix,-60.00,-42.65,85.3,4NGE
MET,D,680,632,H,AlphaHelix,-62.30,-46.74,0.4,4NGE
MET,D,681,633,H,AlphaHelix,-72.61,-24.80,9.1,4NGE
GLN,D,682,634,H,AlphaHelix,-72.55,-34.48,132.1,4NGE
LEU,D,683,635,H,AlphaHelix,-64.65,-44.47,14.4,4NGE
TRP,D,684,636,H,AlphaHelix,-62.76,-37.18,0.4,4NGE
SER,D,685,637,H,AlphaHelix,-63.17,-40.07,12.6,4NGE
GLU,D,686,638,H,AlphaHelix,-76.82,-30.66,53.1,4NGE
ILE,D,687,639,H,AlphaHelix,-69.46,-35.82,0.4,4NGE
PHE,D,688,640,H,AlphaHelix,-77.63,-28.60,6.2,4NGE
ASN,D,689,641,H,AlphaHelix,-108.14,-31.51,59.2,4NGE
ASN,D,690,642,C,Coil,-140.28,65.02,85.6,4NGE
PRO,D,691,643,B,Bridge,-79.07,142.60,27.7,4NGE
CYS,D,692,644,T,Turn,-87.96,86.59,34.0,4NGE
PHE,D,693,645,T,Turn,-84.51,20.43,31.5,4NGE
GLU,D,694,646,T,Turn,-107.81,-13.01,175.7,4NGE
GLU,D,695,647,T,Turn,-74.27,92.83,62.2,4NGE
GLU,D,696,648,H,AlphaHelix,-87.53,-27.84,71.1,4NGE
GLU,D,697,649,H,AlphaHelix,-68.65,-46.49,82.6,4NGE
HIS,D,698,650,H,AlphaHelix,-71.60,-29.83,11.0,4NGE
PHE,D,699,651,H,AlphaHelix,-62.22,-43.71,0.0,4NGE
LYS,D,700,652,H,AlphaHelix,-63.86,-34.60,115.5,4NGE
VAL,D,701,653,H,AlphaHelix,-65.09,-47.13,19.3,4NGE
LEU,D,702,654,H,AlphaHelix,-63.55,-39.26,22.4,4NGE
VAL,D,703,655,H,AlphaHelix,-68.31,360.00,4.0,4NGE
MET,D,705,656,H,AlphaHelix,360.00,-43.55,38.2,4NGE
THR,D,706,657,H,AlphaHelix,-63.61,-41.37,29.2,4NGE
ALA,D,707,658,H,AlphaHelix,-63.28,-42.91,2.9,4NGE
GLN,D,708,659,H,AlphaHelix,-63.63,-41.89,22.9,4NGE
GLU,D,709,660,H,AlphaHelix,-67.93,-36.71,107.6,4NGE
LEU,D,710,661,H,AlphaHelix,-67.44,-38.24,47.2,4NGE
ALA,D,711,662,H,AlphaHelix,-70.24,-32.15,22.1,4NGE
ASN,D,712,663,H,AlphaHelix,-74.93,-21.67,25.7,4NGE
GLY,D,713,664,H,AlphaHelix,-95.61,0.27,26.7,4NGE
ILE,D,714,665,C,Coil,-62.16,-49.66,13.6,4NGE
PRO,D,715,666,G,310Helix,-59.85,-46.18,10.4,4NGE
ASP,D,716,667,G,310Helix,-62.52,-28.80,50.1,4NGE
SER,D,717,668,G,310Helix,-118.01,27.83,42.7,4NGE
GLY,D,718,669,H,AlphaHelix,-55.79,-35.37,0.0,4NGE
HIS,D,719,670,H,AlphaHelix,-71.57,-27.36,38.3,4NGE
LEU,D,720,671,H,AlphaHelix,-71.88,-48.11,71.1,4NGE
TYR,D,721,672,H,AlphaHelix,-63.16,-27.68,25.5,4NGE
ALA,D,722,673,H,AlphaHelix,-72.29,-44.08,0.0,4NGE
SER,D,723,674,H,AlphaHelix,-65.75,-40.09,14.2,4NGE
ILE,D,724,675,H,AlphaHelix,-66.35,-41.16,40.2,4NGE
ARG,D,725,676,H,AlphaHelix,-69.52,-43.62,12.6,4NGE
ALA,D,726,677,H,AlphaHelix,-61.60,-31.75,1.2,4NGE
GLY,D,727,678,H,AlphaHelix,-98.27,7.87,7.1,4NGE
ARG,D,728,679,T,Turn,-77.66,-16.18,45.9,4NGE
THR,D,729,680,T,Turn,-103.73,13.01,7.8,4NGE
LEU,D,730,681,T,Turn,-106.06,-33.09,0.0,4NGE
THR,D,731,682,T,Turn,-138.76,149.41,2.2,4NGE
PRO,D,732,683,H,AlphaHelix,-54.33,-40.97,6.0,4NGE
ALA,D,733,684,H,AlphaHelix,-63.02,-39.18,8.2,4NGE
GLY,D,734,685,H,AlphaHelix,-61.66,-38.16,9.2,4NGE
ASP,D,735,686,H,AlphaHelix,-64.39,-39.87,65.5,4NGE
LEU,D,736,687,H,AlphaHelix,-73.63,-33.83,7.2,4NGE
GLN,D,737,688,H,AlphaHelix,-66.39,-33.88,66.1,4NGE
GLU,D,738,689,H,AlphaHelix,-66.34,-35.87,0.0,4NGE
THR,D,739,690,H,AlphaHelix,-67.88,-39.00,28.9,4NGE
PHE,D,740,691,H,AlphaHelix,-83.48,-35.31,8.4,4NGE
SER,D,741,692,H,AlphaHelix,-146.13,13.76,45.4,4NGE
GLY,D,742,693,C,Coil,-85.84,-168.13,0.2,4NGE
MET,D,743,694,H,AlphaHelix,-68.90,-24.65,7.0,4NGE
ASP,D,744,695,H,AlphaHelix,-61.89,-38.11,49.2,4NGE
GLN,D,745,696,H,AlphaHelix,-70.14,-36.14,7.8,4NGE
VAL,D,746,697,H,AlphaHelix,-65.47,-47.59,6.7,4NGE
ARG,D,747,698,H,AlphaHelix,-63.30,-39.11,87.7,4NGE
LEU,D,748,699,H,AlphaHelix,-60.95,-48.69,12.0,4NGE
MET,D,749,700,H,AlphaHelix,-59.05,-39.15,4.0,4NGE
LYS,D,750,701,H,AlphaHelix,-63.96,-43.15,69.8,4NGE
ARG,D,751,702,H,AlphaHelix,-64.08,-43.47,166.9,4NGE
ILE,D,752,703,H,AlphaHelix,-63.86,-38.79,4.6,4NGE
ALA,D,753,704,H,AlphaHelix,-73.18,-11.60,50.2,4NGE
GLU,D,754,705,H,AlphaHelix,-99.74,-11.93,135.6,4NGE
MET,D,755,706,T,Turn,-64.83,132.32,68.5,4NGE
THR,D,756,707,T,Turn,-81.37,-30.73,138.9,4NGE
ASP,D,757,708,T,Turn,-112.22,102.26,84.6,4NGE
ILE,D,758,709,H,AlphaHelix,-83.65,-12.09,5.5,4NGE
LYS,D,759,710,H,AlphaHelix,-55.84,-44.59,86.2,4NGE
PRO,D,760,711,H,AlphaHelix,-63.13,-22.66,68.8,4NGE
ILE,D,761,712,H,AlphaHelix,-80.37,-39.09,23.0,4NGE
LEU,D,762,713,H,AlphaHelix,-63.35,-30.23,14.5,4NGE
ARG,D,763,714,H,AlphaHelix,-75.94,360.00,159.9,4NGE
LEU,D,765,715,T,Turn,360.00,-43.60,8.0,4NGE
PRO,D,766,716,T,Turn,-62.02,-31.46,66.5,4NGE
ARG,D,767,717,T,Turn,-67.47,-38.52,149.4,4NGE
ILE,D,768,718,T,Turn,-72.93,360.00,3.4,4NGE
LYS,D,770,719,T,Turn,360.00,-16.76,124.5,4NGE
HIS,D,771,720,T,Turn,-93.90,-25.01,44.3,4NGE
LEU,D,772,721,T,Turn,-99.06,-58.57,0.0,4NGE
LEU,D,773,722,T,Turn,-77.91,66.47,9.6,4NGE
ASN,D,774,723,C,Coil,-152.12,-174.93,6.0,4NGE
GLY,D,775,724,T,Turn,-109.62,21.07,2.0,4NGE
ASP,D,776,725,T,Turn,-70.45,-53.55,36.9,4NGE
ASN,D,777,726,T,Turn,-122.88,72.77,36.9,4NGE
MET,D,778,727,E,Strand,-134.02,149.75,13.6,4NGE
ARG,D,779,728,E,Strand,-144.62,152.06,22.6,4NGE
CYS,D,780,729,E,Strand,-129.77,163.12,0.8,4NGE
SER,D,781,730,E,Strand,-136.78,147.94,0.0,4NGE
VAL,D,782,731,E,Strand,-132.33,127.00,1.6,4NGE
ASN,D,783,732,E,Strand,-117.45,119.02,0.6,4NGE
ALA,D,784,733,E,Strand,-160.12,172.86,0.0,4NGE
THR,D,785,734,T,Turn,-67.21,147.34,8.2,4NGE
PRO,D,786,735,T,Turn,-59.43,-25.47,73.5,4NGE
GLN,D,787,736,T,Turn,-69.98,-23.00,153.9,4NGE
GLN,D,788,737,H,AlphaHelix,-97.70,-18.39,13.8,4NGE
MET,D,789,738,H,AlphaHelix,-52.66,-46.39,27.9,4NGE
PRO,D,790,739,H,AlphaHelix,-64.47,-32.48,95.1,4NGE
GLN,D,791,740,H,AlphaHelix,-70.11,-35.93,99.6,4NGE
THR,D,792,741,H,AlphaHelix,-72.17,-34.88,0.8,4NGE
GLU,D,793,742,H,AlphaHelix,-58.66,360.00,93.8,4NGE
ALA,D,795,743,H,AlphaHelix,360.00,-40.33,23.3,4NGE
VAL,D,796,744,H,AlphaHelix,-65.72,-42.51,3.0,4NGE
GLU,D,797,745,H,AlphaHelix,-61.77,-36.69,73.8,4NGE
ASP,D,798,746,H,AlphaHelix,-65.56,-40.83,115.4,4NGE
PHE,D,799,747,H,AlphaHelix,-64.25,-42.08,3.7,4NGE
LEU,D,800,748,H,AlphaHelix,-69.77,-29.84,2.6,4NGE
ARG,D,801,749,H,AlphaHelix,-83.65,-17.28,159.6,4NGE
SER,D,802,750,H,AlphaHelix,-94.28,2.61,49.4,4NGE
ILE,D,803,751,C,Coil,-116.24,150.19,7.2,4NGE
GLY,D,804,752,C,Coil,-58.88,156.30,36.7,4NGE
ARG,D,805,753,C,Coil,-132.58,-178.44,108.7,4NGE
SER,D,806,754,T,Turn,-112.06,-53.92,30.7,4NGE
LYS,D,807,755,T,Turn,65.95,1.61,216.2,4NGE
LYS,D,808,756,T,Turn,-137.25,84.76,168.0,4NGE
GLU,D,809,757,T,Turn,-53.01,104.95,187.1,4NGE
ARG,D,810,758,C,Coil,-67.86,106.26,95.4,4NGE
ARG,D,811,759,C,Coil,-57.87,145.56,219.6,4NGE
PRO,D,812,760,T,Turn,-57.93,148.13,58.6,4NGE
VAL,D,813,761,T,Turn,-70.58,-26.75,71.8,4NGE
ARG,D,814,762,T,Turn,-106.85,139.51,61.0,4NGE
PRO,D,815,763,T,Turn,-71.86,-15.19,108.5,4NGE
HIS,D,816,764,C,Coil,-121.22,99.29,102.7,4NGE
THR,D,817,765,E,Strand,-118.66,127.17,51.4,4NGE
VAL,D,818,766,E,Strand,-106.99,143.14,49.7,4NGE
GLU,D,819,767,E,Strand,-89.67,128.41,134.4,4NGE
LYS,D,820,768,E,Strand,-122.48,107.99,28.9,4NGE
PRO,D,821,769,E,Strand,-66.27,145.93,94.5,4NGE
VAL,D,822,770,T,Turn,-125.14,131.94,25.1,4NGE
PRO,D,823,771,T,Turn,-89.90,360.00,100.3,4NGE
VAL,D,838,772,T,Turn,360.00,127.16,83.2,4NGE
ILE,D,839,773,E,Strand,-141.96,130.70,83.7,4NGE
ARG,D,840,774,E,Strand,-101.72,141.64,10.6,4NGE
LYS,D,841,775,E,Strand,-102.67,107.14,83.4,4NGE
LEU,D,842,776,E,Strand,-108.04,151.44,2.0,4NGE
VAL,D,843,777,E,Strand,-84.61,125.73,1.2,4NGE
MET,D,844,778,E,Strand,-115.62,127.93,51.8,4NGE
GLU,D,845,779,T,Turn,-119.38,79.86,32.6,4NGE
PRO,D,846,780,T,Turn,-74.67,-5.09,69.7,4NGE
THR,D,847,781,T,Turn,-102.87,15.40,113.4,4NGE
PHE,D,848,782,T,Turn,-75.37,124.94,30.8,4NGE
LYS,D,849,783,C,Coil,-117.21,119.12,159.8,4NGE
PRO,D,850,784,C,Coil,-68.04,152.25,34.6,4NGE
TRP,D,851,785,C,Coil,-146.32,142.76,113.1,4NGE
GLN,D,852,786,C,Coil,-73.17,140.21,141.5,4NGE
MET,D,853,787,E,Strand,-151.44,360.00,76.1,4NGE
THR,D,855,788,E,Strand,360.00,133.39,9.6,4NGE
HIS,D,856,789,E,Strand,-119.88,108.05,2.2,4NGE
PHE,D,857,790,E,Strand,-81.04,112.53,0.0,4NGE
LEU,D,858,791,E,Strand,-70.62,100.25,68.8,4NGE
MET,D,859,792,C,Coil,-114.50,145.02,27.1,4NGE
PRO,D,860,793,C,Coil,-78.92,57.41,36.4,4NGE
PHE,D,861,794,T,Turn,-105.14,152.93,16.9,4NGE
PRO,D,862,795,T,Turn,-86.72,-5.38,70.2,4NGE
VAL,D,863,796,T,Turn,-137.60,168.65,4.8,4NGE
ASN,D,864,797,E,Strand,-114.34,163.31,13.6,4NGE
TYR,D,865,798,E,Strand,-135.67,115.41,0.0,4NGE
VAL,D,866,799,E,Strand,-116.08,140.44,0.0,4NGE
GLY,D,867,800,E,Strand,-140.30,132.11,0.0,4NGE
GLU,D,868,801,E,Strand,-124.78,123.18,23.7,4NGE
CYS,D,869,802,E,Strand,-113.94,137.90,1.8,4NGE
ILE,D,870,803,E,Strand,-127.70,131.86,1.2,4NGE
ARG,D,871,804,E,Strand,-80.82,111.88,45.9,4NGE
THR,D,872,805,C,Coil,-110.82,-117.34,10.2,4NGE
VAL,D,873,806,C,Coil,-134.05,155.83,14.6,4NGE
PRO,D,874,807,T,Turn,-78.37,-178.92,12.0,4NGE
TYR,D,875,808,T,Turn,-56.69,-44.89,31.3,4NGE
THR,D,876,809,T,Turn,-82.81,-5.33,59.8,4NGE
ASP,D,877,810,T,Turn,-73.27,132.19,46.9,4NGE
PRO,D,878,811,H,AlphaHelix,-57.86,-25.06,81.4,4NGE
ASP,D,879,812,H,AlphaHelix,-78.00,-16.15,33.3,4NGE
HIS,D,880,813,H,AlphaHelix,-61.74,-41.54,13.2,4NGE
ALA,D,881,814,H,AlphaHelix,-62.33,-38.90,2.0,4NGE
SER,D,882,815,H,AlphaHelix,-64.00,-48.58,1.4,4NGE
LEU,D,883,816,H,AlphaHelix,-60.06,360.00,1.4,4NGE
ILE,D,885,817,H,AlphaHelix,360.00,-42.41,8.9,4NGE
LEU,D,886,818,H,AlphaHelix,-58.01,-38.92,0.0,4NGE
ALA,D,887,819,H,AlphaHelix,-61.29,-45.99,4.0,4NGE
ARG,D,888,820,H,AlphaHelix,-73.33,-39.03,71.8,4NGE
LEU,D,889,821,H,AlphaHelix,-55.39,-49.51,1.2,4NGE
MET,D,890,822,H,AlphaHelix,-61.26,-37.30,0.0,4NGE
THR,D,891,823,H,AlphaHelix,-67.76,-48.76,29.9,4NGE
ALA,D,892,824,H,AlphaHelix,-70.86,-39.04,30.2,4NGE
LYS,D,893,825,H,AlphaHelix,-112.24,2.76,93.2,4NGE
PHE,D,894,826,C,Coil,-140.70,-64.12,36.8,4NGE
LEU,D,895,827,H,AlphaHelix,-64.79,-36.23,0.0,4NGE
HIS,D,896,828,H,AlphaHelix,-62.00,-44.16,22.2,4NGE
THR,D,897,829,H,AlphaHelix,-66.25,-46.96,27.7,4NGE
GLU,D,898,830,H,AlphaHelix,-68.04,-55.59,51.5,4NGE
ILE,D,899,831,H,AlphaHelix,-75.71,-45.56,3.5,4NGE
ARG,D,900,832,H,AlphaHelix,-88.11,-60.97,2.4,4NGE
GLU,D,901,833,T,Turn,-64.06,-54.96,7.4,4NGE
LYS,D,902,834,T,Turn,-75.16,-53.04,16.3,4NGE
GLY,D,903,835,T,Turn,-62.13,-46.08,11.4,4NGE
GLY,D,904,836,T,Turn,106.09,2.97,0.2,4NGE
ALA,D,905,837,C,Coil,-70.28,153.20,0.0,4NGE
TYR,D,906,838,C,Coil,-77.79,-33.81,2.8,4NGE
GLY,D,907,839,E,Strand,-148.21,145.30,13.0,4NGE
GLY,D,908,840,E,Strand,-168.10,131.49,9.0,4NGE
GLY,D,909,841,E,Strand,-177.09,-162.08,0.2,4NGE
ALA,D,910,842,E,Strand,-135.04,148.59,1.8,4NGE
LYS,D,911,843,E,Strand,-142.49,155.98,67.1,4NGE
LEU,D,912,844,E,Strand,-126.19,123.03,43.4,4NGE
SER,D,913,845,E,Strand,-88.80,167.54,46.8,4NGE
HIS,D,914,846,T,Turn,-59.23,-31.69,43.6,4NGE
ASN,D,915,847,T,Turn,-86.19,12.59,31.4,4NGE
GLY,D,916,848,T,Turn,79.93,17.26,0.0,4NGE
ILE,D,917,849,E,Strand,-94.08,116.13,9.4,4NGE
PHE,D,918,850,E,Strand,-87.05,115.35,0.0,4NGE
THR,D,919,851,E,Strand,-117.53,124.88,9.2,4NGE
LEU,D,920,852,E,Strand,-102.15,139.32,1.4,4NGE
TYR,D,921,853,E,Strand,-145.98,157.73,52.1,4NGE
SER,D,922,854,E,Strand,-135.07,144.66,0.0,4NGE
TYR,D,923,855,E,Strand,-127.28,121.07,17.6,4NGE
ARG,D,924,856,E,Strand,56.34,57.54,10.6,4NGE
ASP,D,925,857,E,Strand,-99.16,124.81,0.2,4NGE
PRO,D,926,858,C,Coil,-70.01,-15.08,46.8,4NGE
ASN,D,927,859,C,Coil,-106.71,169.02,46.6,4NGE
THR,D,928,860,C,Coil,-136.52,-66.08,13.6,4NGE
ILE,D,929,861,H,AlphaHelix,-60.84,-45.75,44.3,4NGE
GLU,D,930,862,H,AlphaHelix,-64.00,-30.33,93.5,4NGE
THR,D,931,863,H,AlphaHelix,-69.46,-47.04,1.4,4NGE
LEU,D,932,864,H,AlphaHelix,-61.22,-35.46,26.7,4NGE
GLN,D,933,865,H,AlphaHelix,-68.86,-36.42,135.2,4NGE
SER,D,934,866,H,AlphaHelix,-66.20,-27.13,25.1,4NGE
PHE,D,935,867,H,AlphaHelix,-64.89,-41.58,2.6,4NGE
GLY,D,936,868,G,310Helix,-68.52,360.00,43.8,4NGE
ALA,D,938,869,G,310Helix,360.00,-41.12,4.6,4NGE
VAL,D,939,870,G,310Helix,-69.49,-41.86,18.5,4NGE
ASP,D,940,871,T,Turn,-63.94,-40.29,108.0,4NGE
TRP,D,941,872,T,Turn,-62.98,-38.64,66.7,4NGE
ALA,D,942,873,T,Turn,-69.84,360.00,3.0,4NGE
SER,D,944,874,T,Turn,360.00,-23.36,89.9,4NGE
GLY,D,945,875,T,Turn,75.36,360.00,3.5,4NGE
PHE,D,947,876,C,Coil,360.00,152.90,12.6,4NGE
THR,D,948,877,C,Coil,-90.36,170.97,38.9,4NGE
GLN,D,949,878,H,AlphaHelix,-71.67,-28.28,71.4,4NGE
GLN,D,950,879,H,AlphaHelix,-73.22,-32.60,104.0,4NGE
ASP,D,951,880,H,AlphaHelix,-66.89,-32.53,23.3,4NGE
ILE,D,952,881,H,AlphaHelix,-73.54,-41.76,0.0,4NGE
ASP,D,953,882,H,AlphaHelix,-63.34,-39.78,54.5,4NGE
GLU,D,954,883,H,AlphaHelix,-67.94,-31.30,26.7,4NGE
ALA,D,955,884,H,AlphaHelix,-70.28,-40.18,1.2,4NGE
LYS,D,956,885,H,AlphaHelix,-61.09,-45.62,14.4,4NGE
LEU,D,957,886,H,AlphaHelix,-56.72,-41.79,8.1,4NGE
SER,D,958,887,H,AlphaHelix,-64.87,-39.54,18.7,4NGE
VAL,D,959,888,H,AlphaHelix,-68.76,-48.83,16.2,4NGE
PHE,D,960,889,H,AlphaHelix,-70.32,-19.98,3.2,4NGE
SER,D,961,890,H,AlphaHelix,-68.50,-19.30,19.9,4NGE
THR,D,962,891,H,AlphaHelix,-98.15,-48.16,72.0,4NGE
VAL,D,963,892,H,AlphaHelix,-77.51,-22.29,87.3,4NGE
ASP,D,964,893,H,AlphaHelix,-96.28,15.81,54.6,4NGE
ALA,D,965,894,C,Coil,-61.03,145.41,47.4,4NGE
PRO,D,966,895,C,Coil,-61.98,140.75,34.9,4NGE
VAL,D,967,896,C,Coil,-110.68,129.65,103.0,4NGE
ALA,D,968,897,T,Turn,-67.42,149.82,8.5,4NGE
PRO,D,969,898,T,Turn,-53.51,-28.53,28.3,4NGE
SER,D,970,899,T,Turn,-76.23,-17.16,5.5,4NGE
ASP,D,971,900,T,Turn,-114.82,360.00,78.9,4NGE
GLY,D,973,901,C,Coil,360.00,27.07,17.4,4NGE
MET,D,974,902,H,AlphaHelix,-70.86,-32.15,18.9,4NGE
ASP,D,975,903,H,AlphaHelix,-62.75,-40.58,79.4,4NGE
HIS,D,976,904,H,AlphaHelix,-71.25,-41.98,33.0,4NGE
PHE,D,977,905,H,AlphaHelix,-71.14,-31.65,2.4,4NGE
LEU,D,978,906,H,AlphaHelix,-94.91,-51.81,20.4,4NGE
TYR,D,979,907,H,AlphaHelix,-101.87,-11.96,70.9,4NGE
GLY,D,980,908,C,Coil,68.62,33.11,2.2,4NGE
LEU,D,981,909,C,Coil,-103.05,123.66,9.1,4NGE
SER,D,982,910,C,Coil,-76.12,179.32,11.7,4NGE
ASP,D,983,911,H,AlphaHelix,-69.56,-32.07,36.4,4NGE
GLU,D,984,912,H,AlphaHelix,-61.18,-43.17,140.8,4NGE
MET,D,985,913,H,AlphaHelix,-68.25,-38.26,41.6,4NGE
LYS,D,986,914,H,AlphaHelix,-66.51,-41.38,43.2,4NGE
GLN,D,987,915,H,AlphaHelix,-64.84,-40.48,31.3,4NGE
ALA,D,988,916,H,AlphaHelix,-61.12,-42.35,46.1,4NGE
HIS,D,989,917,H,AlphaHelix,-72.04,-27.44,23.6,4NGE
ARG,D,990,918,H,AlphaHelix,-73.35,-36.17,12.9,4NGE
GLU,D,991,919,H,AlphaHelix,-77.55,-20.64,109.6,4NGE
GLN,D,992,920,H,AlphaHelix,-75.47,-37.82,55.8,4NGE
LEU,D,993,921,H,AlphaHelix,-63.93,-28.67,10.0,4NGE
PHE,D,994,922,H,AlphaHelix,-75.14,-37.38,56.1,4NGE
ALA,D,995,923,H,AlphaHelix,-84.28,-1.78,60.7,4NGE
VAL,D,996,924,C,Coil,-64.28,123.75,3.5,4NGE
SER,D,997,925,C,Coil,-121.71,173.88,33.1,4NGE
HIS,D,998,926,H,AlphaHelix,-62.84,-35.49,3.9,4NGE
ASP,D,999,927,H,AlphaHelix,-73.96,-31.60,38.5,4NGE
LYS,D,1000,928,H,AlphaHelix,-70.62,-29.09,92.9,4NGE
LEU,D,1001,929,H,AlphaHelix,-72.24,-40.20,0.0,4NGE
LEU,D,1002,930,H,AlphaHelix,-73.92,-36.10,17.4,4NGE
ALA,D,1003,931,H,AlphaHelix,-63.31,-48.32,3.0,4NGE
VAL,D,1004,932,H,AlphaHelix,-75.94,-23.49,1.2,4NGE
SER,D,1005,933,H,AlphaHelix,-69.96,-35.98,4.0,4NGE
ASP,D,1006,934,H,AlphaHelix,-81.01,-29.19,54.6,4NGE
ARG,D,1007,935,H,AlphaHelix,-77.65,-29.86,64.9,4NGE
TYR,D,1008,936,H,AlphaHelix,-123.90,-40.04,29.5,4NGE
LEU,D,1009,937,H,AlphaHelix,-88.04,-17.00,2.3,4NGE
GLY,D,1010,938,T,Turn,-61.10,156.61,11.5,4NGE
THR,D,1011,939,T,Turn,-70.35,125.37,141.6,4NGE
GLY,D,1012,940,T,Turn,87.86,-3.07,74.4,4NGE
LYS,D,1013,941,T,Turn,-89.69,-26.28,95.4,4NGE
SER,D,1014,942,C,Coil,-140.70,168.96,27.5,4NGE
THR,D,1015,943,E,Strand,-87.00,131.32,37.6,4NGE
HIS,D,1016,944,E,Strand,-107.68,160.48,26.9,4NGE
GLY,D,1017,945,E,Strand,-139.89,139.32,0.2,4NGE
LEU,D,1018,946,E,Strand,-129.40,140.86,40.6,4NGE
ALA,D,1019,947,E,Strand,-151.36,145.23,0.3,4NGE
ILE,D,1020,948,E,Strand,-141.07,126.71,0.6,4NGE
LEU,D,1021,949,E,Strand,-102.59,120.94,0.0,4NGE
GLY,D,1022,950,E,Strand,166.04,176.21,0.0,4NGE
PRO,D,1023,951,C,Coil,-62.77,173.20,48.2,4NGE
GLU,D,1024,952,C,Coil,-65.36,141.32,137.2,4NGE
ASN,D,1025,953,C,Coil,-125.47,110.08,23.4,4NGE
PRO,D,1026,954,H,AlphaHelix,-50.02,-39.82,86.3,4NGE
LYS,D,1027,955,H,AlphaHelix,-65.56,-42.00,158.1,4NGE
ILE,D,1028,956,H,AlphaHelix,-68.38,-39.12,2.9,4NGE
ALA,D,1029,957,H,AlphaHelix,-64.26,-28.78,36.1,4NGE
LYS,D,1030,958,H,AlphaHelix,-95.84,2.60,170.6,4NGE
ASP,D,1031,959,T,Turn,-95.08,112.48,62.9,4NGE
PRO,D,1032,960,T,Turn,-68.04,-16.01,125.8,4NGE
SER,D,1033,961,T,Turn,-83.54,3.79,77.9,4NGE
TRP,D,1034,962,T,Turn,-110.64,140.39,36.2,4NGE
ILE,D,1035,963,C,Coil,-105.35,130.48,57.0,4NGE
ILE,D,1036,964,B,Bridge,-103.04,127.21,71.0,4NGE
ARG,D,1037,965,C,Coil,-126.23,360.00,126.7,4NGE
GLN,B,15,1,C,Coil,360.00,-49.85,14.6,4NGE
LYS,B,16,2,B,Bridge,-164.71,-159.84,78.6,4NGE
LEU,B,17,3,C,Coil,44.95,63.92,58.8,4NGE
VAL,B,18,4,C,Coil,-52.65,-68.26,54.1,4NGE
PHE,B,19,5,C,Coil,-74.32,152.99,66.1,4NGE
PHE,B,20,6,C,Coil,-116.29,128.36,2.2,4NGE
ALA,B,21,7,B,Bridge,-87.31,-176.81,23.9,4NGE
GLU,B,22,8,C,Coil,-150.40,-155.51,77.7,4NGE
ASP,B,23,9,C,Coil,-39.84,360.00,44.3,4NGE
VAL,E,18,1,C,Coil,360.00,-41.78,96.1,4NGE
PHE,E,19,2,C,Coil,-172.50,156.80,77.2,4NGE
PHE,E,20,3,C,Coil,-118.71,120.68,0.2,4NGE
ALA,E,21,4,C,Coil,-126.85,172.69,14.4,4NGE
GLU,E,22,5,C,Coil,-92.45,360.00,70.6,4NGE
